-- phpMyAdmin SQL Dump
-- version 4.9.0.1
-- https://www.phpmyadmin.net/
--
-- Host: 127.0.0.1
-- Waktu pembuatan: 03 Bulan Mei 2023 pada 11.06
-- Versi server: 10.4.6-MariaDB
-- Versi PHP: 7.3.9

SET SQL_MODE = "NO_AUTO_VALUE_ON_ZERO";
SET AUTOCOMMIT = 0;
START TRANSACTION;
SET time_zone = "+00:00";


/*!40101 SET @OLD_CHARACTER_SET_CLIENT=@@CHARACTER_SET_CLIENT */;
/*!40101 SET @OLD_CHARACTER_SET_RESULTS=@@CHARACTER_SET_RESULTS */;
/*!40101 SET @OLD_COLLATION_CONNECTION=@@COLLATION_CONNECTION */;
/*!40101 SET NAMES utf8mb4 */;

--
-- Database: `kepribadian_nbc_c4.5`
--

-- --------------------------------------------------------

--
-- Struktur dari tabel `data_hasil_klasifikasi`
--

CREATE TABLE `data_hasil_klasifikasi` (
  `id` int(11) NOT NULL,
  `id_siswa` int(11) NOT NULL DEFAULT 0,
  `jenis_kelamin` enum('L','P') DEFAULT NULL,
  `usia` int(11) DEFAULT NULL,
  `sekolah` varchar(100) DEFAULT NULL,
  `jawaban_a` int(11) DEFAULT NULL,
  `jawaban_b` int(11) DEFAULT NULL,
  `jawaban_c` int(11) DEFAULT NULL,
  `jawaban_d` int(11) DEFAULT NULL,
  `kelas_hasil` varchar(100) DEFAULT NULL,
  `nilai_sanguin` double DEFAULT NULL,
  `nilai_koleris` double DEFAULT NULL,
  `nilai_melankolis` double DEFAULT NULL,
  `nilai_plegmatis` double DEFAULT NULL
) ENGINE=InnoDB DEFAULT CHARSET=latin1;

--
-- Dumping data untuk tabel `data_hasil_klasifikasi`
--

INSERT INTO `data_hasil_klasifikasi` (`id`, `id_siswa`, `jenis_kelamin`, `usia`, `sekolah`, `jawaban_a`, `jawaban_b`, `jawaban_c`, `jawaban_d`, `kelas_hasil`, `nilai_sanguin`, `nilai_koleris`, `nilai_melankolis`, `nilai_plegmatis`) VALUES
(6, 10, 'L', 22, 'Swasta', 10, 10, 10, 10, 'Sanguin', 4.8243542296981e-92, 8.6624681962745e-94, 9.3916720711962e-144, 3.3286864084884e-143),
(7, 8, 'L', 22, 'Negeri', 15, 8, 11, 6, 'Sanguin', 6.4075334904621e-92, 3.3716590535724e-94, 9.9718593256187e-144, 9.3842705744657e-144),
(8, 9, 'L', 21, 'Swasta', 17, 11, 6, 6, 'Sanguin', 0.0000069375149188617, 0.0000032395710830587, 0.0000000061708675181096, 0.00000045988453314594),
(9, 15, 'L', 22, 'Swasta', 10, 10, 10, 10, 'Sanguin', 0.0000060940537438011, 0.0000048583118457413, 0.0000011218500391542, 0.0000045690700731949),
(10, 16, 'L', 14, 'Negeri', 13, 15, 8, 4, 'Koleris', 0.000006185590043645, 0.0000062986770453345, 0.000000040417938088867, 0.0000011927652839661),
(11, 17, 'L', 13, 'Negeri', 14, 13, 8, 5, 'Sanguin', 0.0000083701292826924, 0.0000043830217721788, 0.000000063686135883477, 0.0000011597484259349),
(12, 19, 'L', 15, 'Negeri', 12, 12, 8, 8, 'Koleris', 0.0000009119975304343, 0.0000024421669092026, 0.0000008673353103939, 0.0000008930175567903),
(13, 21, 'L', 14, 'Negeri', 27, 4, 7, 2, 'Sanguin', 0.0000042538280911446, 0.00000089035071461704, 0.000000000042900807884402, 0.00000056613542799746),
(14, 22, 'L', 13, 'Swasta', 3, 2, 4, 31, 'Plegmatis', 0.00000011046413831492, 0.00000000040996092519352, 0.00000000000023261223669107, 0.00000059001609465491),
(15, 24, 'L', 14, 'Swasta', 1, 0, 3, 36, 'Plegmatis', 0.000000062754086746013, 0.0000000000078786613832006, 1.1992917100717e-16, 0.0000023154851087751),
(16, 23, 'L', 15, 'Negeri', 36, 3, 0, 1, 'Sanguin', 0.00000044629802104666, 0.0000000056957707422095, 7.4887295485272e-20, 0.0000000035703064525489),
(17, 25, 'L', 13, 'Negeri', 0, 0, 40, 0, 'Sanguin', 0.00000000021765589890545, 0.00000000000017392193921452, 6.266329064422e-20, 0.000000000093181795863314),
(18, 26, 'P', 14, 'Swasta', 2, 2, 34, 2, 'Sanguin', 0.000000016063021428213, 0.000000000086593683202888, 0.000000000000032860276566199, 0.0000000097695216305161),
(19, 27, 'L', 13, 'Negeri', 8, 1, 30, 1, 'Sanguin', 0.000000020840315561741, 0.0000000012606032702751, 0.0000000000099389812139255, 0.000000011706737430161),
(20, 28, 'L', 13, 'Swasta', 34, 2, 1, 3, 'Sanguin', 0.000001389402384809, 0.000000047442723674527, 6.4486401994212e-18, 0.0000000067889941720693),
(21, 29, 'L', 15, 'Negeri', 1, 1, 1, 37, 'Plegmatis', 0.0000000060423083555248, 0.00000000000046118700171253, 4.3159129941677e-18, 0.00000036205533770829),
(22, 30, 'L', 13, 'Negeri', 2, 2, 2, 34, 'Plegmatis', 0.000000031087356643787, 0.000000000024625006821918, 0.0000000000000032440113440922, 0.00000050897813028072),
(23, 31, 'L', 15, 'Negeri', 12, 11, 12, 5, 'Melankolis', 0.0000007958413405586, 0.0000015917887556858, 0.0000023690439178878, 0.00000074664724065422),
(24, 32, 'L', 15, 'Negeri', 9, 18, 10, 3, 'Koleris', 0.00000040791510455792, 0.0000019207261122002, 0.000000033812747374556, 0.00000046515723913893),
(25, 33, 'L', 13, 'Negeri', 10, 15, 10, 5, 'Koleris', 0.0000011757246095919, 0.0000057948050613221, 0.000001420388283105, 0.0000006861869650842),
(26, 34, 'L', 13, 'Negeri', 9, 20, 9, 2, 'Koleris', 0.0000005305356586817, 0.0000045991041588407, 0.0000000082663090570865, 0.0000003423394882884),
(27, 35, 'L', 13, 'Negeri', 12, 4, 9, 15, 'Koleris', 0.0000012673656073496, 0.0000018831893447594, 0.00000060993355346327, 0.00000092546381481795),
(28, 36, 'L', 13, 'Negeri', 9, 11, 12, 8, 'Melankolis', 0.0000014419438771264, 0.0000046828995550865, 0.000013165349372513, 0.00000087463669303446),
(29, 37, 'P', 13, 'Swasta', 10, 13, 11, 6, 'Koleris', 0.0000016443669302725, 0.0000037718447816317, 0.0000019333034054097, 0.00000050435720686619),
(30, 38, 'P', 14, 'Swasta', 22, 10, 3, 5, 'Sanguin', 0.0000054048663626457, 0.0000021353263201549, 0.0000000010645935286406, 0.0000010679927044882),
(31, 39, 'L', 13, 'Negeri', 10, 13, 12, 5, 'Melankolis', 0.0000012576258967694, 0.0000044755293659249, 0.0000055043068773137, 0.00000072388305867665),
(32, 42, 'L', 14, 'Swasta', 9, 7, 13, 11, 'Plegmatis', 0.0000050809401594285, 0.0000052651517811926, 0.0000051220076873392, 0.0000055774486783046),
(33, 43, 'P', 13, 'Negeri', 3, 3, 30, 4, 'Melankolis', 0.000000016393834592249, 0.00000000091857107042968, 0.00000017156677260113, 0.0000000037902948475346),
(34, 44, 'L', 15, 'Negeri', 23, 6, 6, 5, 'Sanguin', 0.0000023058041596729, 0.0000007536310927014, 0.0000000042967470741734, 0.00000019225385128954),
(35, 45, 'L', 14, 'Swasta', 7, 22, 5, 6, 'Koleris', 0.0000012189783203924, 0.000012848625991659, 0.00000031605431362696, 0.0000011100886584827);

-- --------------------------------------------------------

--
-- Struktur dari tabel `data_hasil_klasifikasi_c45`
--

CREATE TABLE `data_hasil_klasifikasi_c45` (
  `id` int(11) NOT NULL,
  `id_siswa` int(11) DEFAULT NULL,
  `jenis_kelamin` enum('L','P') DEFAULT NULL,
  `usia` int(11) DEFAULT NULL,
  `sekolah` varchar(100) DEFAULT NULL,
  `jawaban_a` int(11) DEFAULT NULL,
  `jawaban_b` int(11) DEFAULT NULL,
  `jawaban_c` int(11) DEFAULT NULL,
  `jawaban_d` int(11) DEFAULT NULL,
  `kelas_hasil` varchar(100) DEFAULT NULL,
  `id_rule` int(11) DEFAULT NULL
) ENGINE=InnoDB DEFAULT CHARSET=latin1;

--
-- Dumping data untuk tabel `data_hasil_klasifikasi_c45`
--

INSERT INTO `data_hasil_klasifikasi_c45` (`id`, `id_siswa`, `jenis_kelamin`, `usia`, `sekolah`, `jawaban_a`, `jawaban_b`, `jawaban_c`, `jawaban_d`, `kelas_hasil`, `id_rule`) VALUES
(1, 1, 'L', 15, 'Swasta', 4, 10, 5, 21, 'Plegmatis', 1),
(2, 8, 'L', 17, 'Negeri', 9, 12, 11, 8, 'Sanguin', 6),
(3, 17, 'L', 13, 'Negeri', 14, 7, 8, 11, 'Sanguin', 5),
(4, 16, 'L', 14, 'Negeri', 22, 8, 5, 5, 'Sanguin', 2),
(5, 19, 'L', 15, 'Negeri', 9, 9, 13, 9, 'Melankolis', 2),
(6, 21, 'L', 14, 'Negeri', 40, 0, 0, 0, 'Sanguin', 6);

-- --------------------------------------------------------

--
-- Struktur dari tabel `data_latih`
--

CREATE TABLE `data_latih` (
  `id` int(11) NOT NULL,
  `nama` varchar(200) DEFAULT NULL,
  `jenis_kelamin` enum('L','P') DEFAULT NULL,
  `usia` int(11) DEFAULT NULL,
  `sekolah` varchar(100) DEFAULT NULL,
  `jawaban_a` int(11) DEFAULT NULL,
  `jawaban_b` int(11) DEFAULT NULL,
  `jawaban_c` int(11) DEFAULT NULL,
  `jawaban_d` int(11) DEFAULT NULL,
  `kelas_asli` varchar(100) DEFAULT NULL
) ENGINE=InnoDB DEFAULT CHARSET=latin1;

--
-- Dumping data untuk tabel `data_latih`
--

INSERT INTO `data_latih` (`id`, `nama`, `jenis_kelamin`, `usia`, `sekolah`, `jawaban_a`, `jawaban_b`, `jawaban_c`, `jawaban_d`, `kelas_asli`) VALUES
(1, 'M. Attabiqa\'La', 'L', 14, 'Swasta', 19, 5, 7, 9, 'Sanguin'),
(2, 'Dina Sulistiawati ', 'P', 14, 'Negeri', 13, 6, 10, 11, 'Sanguin'),
(3, 'Nur\'Aini Putri Lintang Ramadhani', 'P', 14, 'Swasta', 15, 6, 7, 12, 'Sanguin'),
(4, 'Haura Manda Titania Dewi', 'P', 14, 'Swasta', 14, 8, 6, 12, 'Sanguin'),
(5, 'Ibrahimovic Putra', 'L', 14, 'Swasta', 19, 13, 8, 0, 'Sanguin'),
(6, 'Talitha Rintha Evania', 'P', 14, 'Negeri', 13, 9, 11, 7, 'Sanguin'),
(7, 'Pradikta Eka Saputra ', 'L', 14, 'Swasta', 12, 10, 9, 9, 'Sanguin'),
(8, 'Agung Nugroho', 'L', 15, 'Negeri', 13, 5, 10, 12, 'Sanguin'),
(9, 'Dhesta Bagas Wicaksono', 'L', 14, 'Negeri', 13, 11, 7, 9, 'Sanguin'),
(10, 'Fahrizal Proklamadika', 'L', 14, 'Swasta', 16, 9, 4, 11, 'Sanguin'),
(11, 'Okta Fiyani Ramadani ', 'P', 14, 'Swasta', 13, 11, 8, 8, 'Sanguin'),
(12, 'Dani Ariawan', 'L', 14, 'Negeri', 13, 10, 11, 6, 'Sanguin'),
(13, 'Novalinda Rizkika Kurniawan', 'L', 13, 'Negeri', 17, 7, 9, 7, 'Sanguin'),
(14, 'Safina Suryaningtyas', 'P', 15, 'Swasta', 18, 8, 5, 9, 'Sanguin'),
(15, 'Aghata Damai Valzeliq', 'L', 14, 'Swasta', 14, 5, 9, 12, 'Sanguin'),
(16, 'Eka Aris Styawan', 'L', 14, 'Negeri', 13, 12, 12, 3, 'Sanguin'),
(17, 'Najwa Fadilla', 'P', 15, 'Negeri', 12, 9, 8, 11, 'Sanguin'),
(18, 'Radit Agustian', 'L', 14, 'Negeri', 13, 12, 9, 6, 'Sanguin'),
(19, 'Ucal Lestari', 'P', 13, 'Negeri', 12, 8, 9, 11, 'Sanguin'),
(20, 'Rahmanda Raka Yoga S', 'L', 13, 'Swasta', 20, 14, 4, 2, 'Sanguin'),
(21, 'Reyno Vindra Arditya', 'L', 14, 'Negeri', 18, 10, 7, 5, 'Sanguin'),
(22, 'Destry Daffa Kusni Pradana', 'L', 13, 'Negeri', 29, 4, 4, 3, 'Sanguin'),
(23, 'Novan Dwi Sakti Hasbi Prasetyo', 'L', 13, 'Negeri', 21, 9, 4, 6, 'Sanguin'),
(24, 'Abdillah Rafiudin', 'L', 13, 'Swasta', 13, 4, 12, 11, 'Sanguin'),
(25, 'Sulis Setyo N', 'L', 14, 'Negeri', 15, 9, 13, 3, 'Sanguin'),
(26, 'Adhi Ilham', 'L', 13, 'Negeri', 14, 6, 12, 8, 'Sanguin'),
(27, 'Aditya Pratama', 'L', 13, 'Negeri', 20, 9, 5, 6, 'Sanguin'),
(28, 'Amanda Ravel', 'P', 13, 'Negeri', 18, 10, 6, 6, 'Sanguin'),
(29, 'Brahma Andi', 'L', 13, 'Swasta', 27, 3, 6, 4, 'Sanguin'),
(30, 'Budi Yanto', 'L', 13, 'Swasta', 23, 2, 8, 7, 'Sanguin'),
(31, 'Cakra Nanda ', 'L', 13, 'Swasta', 22, 6, 7, 5, 'Sanguin'),
(32, 'Canda Dewata', 'L', 13, 'Swasta', 26, 4, 5, 5, 'Sanguin'),
(33, 'Cyntia Gabriel Jesus', 'P', 13, 'Swasta', 23, 7, 3, 7, 'Sanguin'),
(34, 'Estiana Larasati', 'P', 13, 'Swasta', 29, 4, 3, 4, 'Sanguin'),
(35, 'Fajar Raptu Brima', 'L', 13, 'Swasta', 19, 8, 4, 9, 'Sanguin'),
(36, 'Haira Hasana', 'P', 15, 'Swasta', 19, 7, 5, 9, 'Sanguin'),
(37, 'Indah Putri', 'P', 15, 'Swasta', 22, 8, 4, 6, 'Sanguin'),
(38, 'Isty Arumi', 'P', 15, 'Swasta', 17, 10, 7, 6, 'Sanguin'),
(39, 'Kila Amicha', 'P', 15, 'Swasta', 30, 5, 3, 2, 'Sanguin'),
(40, 'Kirana Cintya', 'P', 15, 'Swasta', 31, 3, 3, 3, 'Sanguin'),
(41, 'Lanita Rani Dwi', 'P', 15, 'Swasta', 24, 7, 5, 4, 'Sanguin'),
(42, 'Lestari Retno', 'P', 15, 'Swasta', 24, 4, 5, 7, 'Sanguin'),
(43, 'Listiana Ari Sintia', 'P', 15, 'Swasta', 21, 8, 5, 6, 'Sanguin'),
(44, 'Mega Ayu', 'P', 15, 'Negeri', 27, 4, 4, 5, 'Sanguin'),
(45, 'Mentari Tri Rahayu', 'P', 15, 'Negeri', 18, 7, 10, 5, 'Sanguin'),
(46, 'Nara Citra Amira', 'P', 15, 'Negeri', 22, 7, 6, 5, 'Sanguin'),
(47, 'Nara Natasya', 'P', 15, 'Negeri', 20, 7, 8, 5, 'Sanguin'),
(48, 'Nawang Cut Marine', 'P', 15, 'Negeri', 18, 6, 10, 6, 'Sanguin'),
(49, 'Ningrum Aulia', 'P', 15, 'Swasta', 25, 5, 6, 4, 'Sanguin'),
(50, 'Makruf Riza Mahdafi', 'L', 14, 'Swasta', 11, 13, 8, 8, 'Koleris'),
(51, 'Rehan Kurnia', 'L', 14, 'Swasta', 9, 14, 7, 10, 'Koleris'),
(52, 'Radish Shaquila Arianto ', 'L', 14, 'Negeri', 12, 15, 7, 6, 'Koleris'),
(53, 'Siska Anggraini', 'P', 15, 'Swasta', 7, 12, 11, 10, 'Koleris'),
(54, 'M.Muhfidz.Anugerah', 'L', 14, 'Negeri', 10, 12, 7, 11, 'Koleris'),
(55, 'Muna Rafa Arninda', 'P', 14, 'Swasta', 13, 15, 4, 8, 'Koleris'),
(56, 'Muhammad Fajar Fauzi Al Anshori', 'L', 15, 'Negeri', 13, 14, 7, 6, 'Koleris'),
(57, 'Leni Wulandari Tri Widati', 'P', 14, 'Negeri', 6, 16, 11, 7, 'Koleris'),
(58, 'Ristanti Diah Ayu Maharani', 'P', 13, 'Swasta', 6, 12, 11, 11, 'Koleris'),
(59, 'M Abdiel Vale J', 'L', 13, 'Swasta', 11, 12, 10, 7, 'Koleris'),
(60, 'Bambang Wisanggodo', 'L', 13, 'Negeri', 10, 13, 5, 12, 'Koleris'),
(61, 'Aradana Satya Fahreza', 'L', 14, 'Swasta', 10, 15, 6, 9, 'Koleris'),
(62, 'Jefri Maulana Sabri', 'L', 14, 'Swasta', 7, 17, 7, 9, 'Koleris'),
(63, 'Ivan Wira Pramana', 'L', 15, 'Swasta', 6, 26, 6, 2, 'Koleris'),
(64, 'Ardiansyah Putra Prasetya', 'L', 15, 'Swasta', 9, 14, 9, 8, 'Koleris'),
(65, 'Alfian Miftah O.', 'L', 14, 'Negeri', 7, 14, 8, 11, 'Koleris'),
(66, 'Satria Fatir Ibrahim', 'L', 13, 'Negeri', 12, 14, 7, 7, 'Koleris'),
(67, 'Devita Ayu Galuh Larasati', 'P', 14, 'Swasta', 7, 15, 9, 9, 'Koleris'),
(68, 'David Firman Nur Rizqi', 'L', 14, 'Swasta', 9, 14, 9, 8, 'Koleris'),
(69, 'Ivan Ferdyansyah', 'L', 15, 'Negeri', 8, 12, 11, 9, 'Koleris'),
(70, 'M.Ridwan.Heri.S', 'L', 13, 'Negeri', 11, 12, 9, 8, 'Koleris'),
(71, 'Bayu Singgih A', 'L', 15, 'Negeri', 11, 13, 10, 6, 'Koleris'),
(72, 'Sambu Rismandana Aga Putra', 'L', 14, 'Swasta', 10, 13, 8, 9, 'Koleris'),
(73, 'Enrico Qiesha', 'L', 13, 'Swasta', 4, 14, 13, 9, 'Koleris'),
(74, 'Elvira Firliana Putri', 'P', 13, 'Negeri', 14, 15, 2, 9, 'Koleris'),
(75, 'Ardana ', 'L', 13, 'Negeri', 14, 16, 4, 6, 'Koleris'),
(76, 'Fina Firdania', 'P', 13, 'Negeri', 10, 16, 6, 8, 'Koleris'),
(77, 'Muhammad Rizal Fauzi', 'L', 14, 'Negeri', 7, 25, 4, 4, 'Koleris'),
(78, 'Ravindra Rachnan Y', 'L', 13, 'Swasta', 6, 20, 8, 6, 'Koleris'),
(79, 'Fara Emilia Putri', 'P', 14, 'Swasta', 7, 17, 8, 8, 'Koleris'),
(80, 'Zaki Hajar Liestiawan', 'L', 13, 'Negeri', 10, 18, 7, 5, 'Koleris'),
(81, 'M Rafa Maulana', 'L', 14, 'Swasta', 3, 29, 4, 4, 'Koleris'),
(82, 'Adika Adinata', 'L', 13, 'Negeri', 3, 25, 5, 7, 'Koleris'),
(83, 'Adiwangsa Dewa', 'L', 13, 'Negeri', 9, 22, 3, 6, 'Koleris'),
(84, 'Ardiyanto', 'L', 13, 'Negeri', 7, 24, 4, 5, 'Koleris'),
(85, 'Arief Ramadhan', 'L', 13, 'Negeri', 5, 21, 8, 6, 'Koleris'),
(86, 'Arya Pamungkas', 'L', 13, 'Negeri', 9, 23, 4, 4, 'Koleris'),
(87, 'Ayudisha ', 'P', 13, 'Negeri', 5, 26, 4, 5, 'Koleris'),
(88, 'Bulan Ami Jeny', 'P', 13, 'Swasta', 9, 16, 7, 8, 'Koleris'),
(89, 'Cahaya Dwi Citra', 'P', 13, 'Swasta', 5, 18, 8, 9, 'Koleris'),
(90, 'Damar Wayan ', 'L', 13, 'Negeri', 8, 20, 7, 5, 'Koleris'),
(91, 'Dewangga Abu Ali', 'L', 13, 'Negeri', 10, 19, 7, 4, 'Koleris'),
(92, 'Dimas Santoso', 'L', 13, 'Negeri', 5, 25, 7, 3, 'Koleris'),
(93, 'Ditya Amara', 'P', 13, 'Swasta', 3, 31, 2, 4, 'Koleris'),
(94, 'Fadly Saputra', 'L', 13, 'Negeri', 10, 17, 5, 8, 'Koleris'),
(95, 'Fitri Suci Haptari', 'P', 13, 'Swasta', 2, 30, 4, 4, 'Koleris'),
(96, 'Galih Adi', 'L', 13, 'Negeri', 7, 24, 4, 5, 'Koleris'),
(97, 'Gadis Sinta Rahma', 'P', 15, 'Swasta', 6, 22, 8, 4, 'Koleris'),
(98, 'Hana Arumi', 'P', 15, 'Swasta', 4, 26, 6, 4, 'Koleris'),
(99, 'Ika Jaitullah', 'P', 15, 'Swasta', 4, 21, 7, 8, 'Koleris'),
(100, 'Indri Astuti', 'P', 15, 'Swasta', 5, 23, 7, 5, 'Koleris'),
(101, 'Intan Sari Ayu', 'P', 15, 'Swasta', 4, 20, 8, 8, 'Koleris'),
(102, 'Lily Arini', 'P', 15, 'Swasta', 10, 18, 9, 3, 'Koleris'),
(103, 'Maya Estinta', 'P', 15, 'Swasta', 6, 19, 4, 11, 'Koleris'),
(104, 'Mega Darma Dwi', 'P', 15, 'Swasta', 10, 17, 6, 7, 'Koleris'),
(105, 'Nadia Zola', 'P', 15, 'Swasta', 8, 22, 3, 7, 'Koleris'),
(106, 'Ningsih Sabila', 'P', 15, 'Negeri', 10, 20, 5, 5, 'Koleris'),
(107, 'Nirmala Jihan Audia', 'P', 14, 'Negeri', 5, 24, 8, 3, 'Koleris'),
(108, 'Puspa Anggita', 'P', 15, 'Negeri', 4, 27, 6, 3, 'Koleris'),
(109, 'Rosa Lina Indah', 'P', 14, 'Negeri', 5, 28, 4, 3, 'Koleris'),
(110, 'Saraswati', 'P', 14, 'Negeri', 9, 15, 8, 8, 'Koleris'),
(111, 'Sekarwati Indri', 'P', 15, 'Negeri', 6, 23, 7, 4, 'Koleris'),
(112, 'Gigih Damar Wisnugroho', 'L', 14, 'Negeri', 6, 8, 15, 11, 'Melankolis'),
(113, 'Latief Faisal Zahran', 'L', 13, 'Swasta', 11, 9, 13, 7, 'Melankolis'),
(114, 'Muhammad Nuzuki Manzur', 'L', 14, 'Swasta', 8, 11, 12, 9, 'Melankolis'),
(115, 'Bagas Falih Setiawan', 'L', 13, 'Negeri', 11, 5, 15, 9, 'Melankolis'),
(116, 'Saskia Dwi Wulandari', 'P', 13, 'Negeri', 8, 8, 13, 11, 'Melankolis'),
(117, 'Rio Hariawan ', 'L', 13, 'Swasta', 9, 9, 13, 9, 'Melankolis'),
(118, 'Okta Putra Ramadhan', 'L', 14, 'Negeri', 11, 8, 15, 6, 'Melankolis'),
(119, 'Arya Jati Putra Sapta Pamungkas ', 'L', 15, 'Swasta', 8, 8, 14, 10, 'Melankolis'),
(120, 'Manda Septiya Ningrum ', 'P', 14, 'Negeri', 10, 10, 15, 5, 'Melankolis'),
(121, 'Kurnia Febrianti', 'P', 13, 'Negeri', 8, 12, 13, 7, 'Melankolis'),
(122, 'Adriani Putri', 'P', 13, 'Negeri', 11, 8, 13, 8, 'Melankolis'),
(123, 'Calya Citra', 'P', 13, 'Swasta', 9, 11, 12, 8, 'Melankolis'),
(124, 'Hasya Amira', 'P', 15, 'Swasta', 10, 10, 11, 9, 'Melankolis'),
(125, 'Nadira Amera', 'P', 15, 'Negeri', 11, 10, 12, 7, 'Melankolis'),
(126, 'Rara Cintika', 'P', 14, 'Negeri', 10, 11, 12, 7, 'Melankolis'),
(127, 'Septha Anisa', 'P', 14, 'Negeri', 7, 10, 12, 11, 'Melankolis'),
(128, 'Tania Kalia', 'P', 14, 'Negeri', 10, 12, 15, 3, 'Melankolis'),
(129, 'Utari Tania Rahayu', 'P', 14, 'Negeri', 11, 11, 14, 4, 'Melankolis'),
(130, 'Widhiani Pratiwi', 'P', 15, 'Swasta', 7, 12, 13, 8, 'Melankolis'),
(131, 'Widuri Aulia', 'P', 14, 'Negeri', 5, 15, 16, 4, 'Melankolis'),
(132, 'Yanti Tri Rahayu', 'P', 15, 'Negeri', 6, 8, 19, 7, 'Melankolis'),
(133, 'Dika Damai', 'L', 14, 'Swasta', 8, 13, 13, 6, 'Melankolis'),
(134, 'Jasmine Fitria Ramadhani ', 'P', 13, 'Negeri', 4, 5, 24, 7, 'Melankolis'),
(135, 'Bagus Dwi W.S', 'L', 14, 'Negeri', 9, 8, 9, 14, 'Plegmatis'),
(136, 'Ahmad Nawal Nurizki', 'L', 15, 'Swasta', 4, 5, 7, 24, 'Plegmatis'),
(137, 'Bagas Iskandar', 'L', 15, 'Swasta', 11, 8, 6, 15, 'Plegmatis'),
(138, 'Helmi Utama', 'L', 14, 'Negeri', 8, 10, 8, 14, 'Plegmatis'),
(139, 'Meylani Tri Nur Diah', 'P', 13, 'Swasta', 10, 8, 10, 12, 'Plegmatis'),
(140, 'Rahmanisa Putri Arifin', 'P', 13, 'Swasta', 8, 6, 11, 15, 'Plegmatis'),
(141, 'Weningtyas Handayani Asih', 'P', 13, 'Swasta', 5, 8, 12, 15, 'Plegmatis'),
(142, 'Rizky Naufal', 'L', 14, 'Negeri', 8, 14, 3, 15, 'Plegmatis'),
(143, 'Ratih', 'P', 15, 'Swasta', 8, 3, 13, 16, 'Plegmatis'),
(144, 'Lola Mayland Fantika', 'P', 13, 'Negeri', 7, 9, 10, 14, 'Plegmatis'),
(145, 'Hanif Putra', 'L', 14, 'Negeri', 10, 11, 6, 13, 'Plegmatis'),
(146, 'Fernando Putra Nugrohi', 'L', 15, 'Negeri', 11, 10, 7, 12, 'Plegmatis'),
(147, 'Valentino Febrian', 'L', 14, 'Swasta', 11, 7, 10, 12, 'Plegmatis'),
(148, 'Rafa Dewananta Putra', 'L', 14, 'Swasta', 11, 9, 2, 18, 'Plegmatis'),
(149, 'Adnan Pradiki', 'L', 15, 'Negeri', 13, 8, 4, 15, 'Plegmatis'),
(150, 'Moreno Al Hafiz', 'L', 14, 'Negeri', 1, 2, 8, 29, 'Plegmatis'),
(151, 'Yuli Tri W', 'L', 14, 'Negeri', 5, 11, 9, 15, 'Plegmatis'),
(152, 'Imelda Jenny', 'P', 15, 'Negeri', 6, 10, 8, 16, 'Plegmatis'),
(153, 'Nolan Brian Saputra', 'L', 14, 'Swasta', 11, 6, 5, 18, 'Plegmatis'),
(154, 'Ibrahim Dzaky Pratama', 'L', 14, 'Negeri', 9, 9, 9, 13, 'Plegmatis'),
(155, 'Desiana Rahmawati', 'P', 14, 'Swasta', 9, 10, 10, 11, 'Plegmatis'),
(156, 'Bambang Riski', 'L', 14, 'Negeri', 6, 7, 9, 18, 'Plegmatis'),
(157, 'Fandi Ardiansyah', 'L', 13, 'Negeri', 7, 12, 6, 15, 'Plegmatis');

-- --------------------------------------------------------

--
-- Struktur dari tabel `data_siswa`
--

CREATE TABLE `data_siswa` (
  `id` int(11) NOT NULL,
  `nama_siswa` varchar(200) DEFAULT NULL,
  `jenis_kelamin` enum('L','P') DEFAULT NULL,
  `usia` int(11) DEFAULT NULL,
  `sekolah` varchar(200) DEFAULT NULL,
  `id_user` int(11) NOT NULL DEFAULT 0
) ENGINE=InnoDB DEFAULT CHARSET=latin1;

--
-- Dumping data untuk tabel `data_siswa`
--

INSERT INTO `data_siswa` (`id`, `nama_siswa`, `jenis_kelamin`, `usia`, `sekolah`, `id_user`) VALUES
(43, 'Amanda Dila', 'P', 13, 'Negeri', 70),
(44, 'Akira Yanuar', 'L', 15, 'Negeri', 71),
(45, 'Yedi Utomo', 'L', 14, 'Swasta', 72);

-- --------------------------------------------------------

--
-- Struktur dari tabel `data_soal`
--

CREATE TABLE `data_soal` (
  `id` int(11) NOT NULL,
  `pilihan_a` text DEFAULT NULL,
  `pilihan_b` text DEFAULT NULL,
  `pilihan_c` text DEFAULT NULL,
  `pilihan_d` text DEFAULT NULL
) ENGINE=InnoDB DEFAULT CHARSET=latin1;

--
-- Dumping data untuk tabel `data_soal`
--

INSERT INTO `data_soal` (`id`, `pilihan_a`, `pilihan_b`, `pilihan_c`, `pilihan_d`) VALUES
(1, 'Penuh kehidupan, sering menggunakan isyarat tangan, lengan, dan wajah secara hidup.(Animated)', 'Orang yang mau melakukan sesuatu hal yang baru dan berani bertekad untuk me-nguasainya.(Adventurous)', 'Suka menyelidiki bagian - bagian yang logis. (Analitical)', 'Mudah menyesuaikan diri dan senang dalam setiap situasi. (Adaptable)'),
(2, 'Penuh kesenangan dan selera humor yang baik. (Playful)', 'Meyakinkan se-seorang dengan logika dan fakta, bukan dengan pesona / kekuasaan. (Persuasive)', 'Melakukan sesuatu sampai selesai sebelum memulai yang lain. (Persistent)', 'Tampak tidak ter-ganggu dan tenang serta menghindari setiap bentuk ke-kacauan. (Peaceful)'),
(3, 'Orang yang memandang bersama orang lain sebagai kesempatan untuk bersikap manis dan menghibur, bukannya sebagai tantangan / kesempatan bisnis. (Sociable)', 'Orang yang yakin dengan caranya sendiri. (Strong-Willed)', 'Bersedia mengorban-kan dirinya untuk memenuhi kebutuhan orang lain.', 'Dengan mudah menerima pandang-an / keinginan orang lain tanpa perlu banyak meng-ungkapkan pendapat sendiri. (Submissive)'),
(4, 'Bisa merebut hati orang lain melalui pesona kepribadian. (Convicing)', 'Mengubah setiap situasi, kejadian atau permainan sebagai sebuah kontes dan selalu bermain untuk menang. (Competitive)', 'Menghargai keperluan dan perasaan orang lain. (Considerate)', 'Mempunyai perasaan emosional tapi jarang memperlihatkannya. (Controlled)'),
(5, 'Memperbaharui dan membantu membuat orang lain merasa senang. (Refreshing)', 'Bisa bertindak cepat dan efektif dalam semua situasi. (Resourceful)', 'Memperlakukan orang lain dengan segan sebagai penghormatan dan penghargaan. (Respectfull)', 'Menahan diri dalam menunjukkan emosi atau antusiasme. (Reserved)'),
(6, 'Penuh gairah dalam kehidupan. (Spirited)', 'Orang mandiri yang bisa sepenuhnya mengandal-kan kemampuan dan sumber dayanya sendiri. (Self-Reliant)', 'Secara intensif memperhatikan orang lain maupun hal apapun yang terjadi di sekitar. (Sensitive)', 'Orang yang mudah menerima keadaan atau situasi apa saja. (Satisfied)'),
(7, 'Dapat mendorong atau memaksa orang lain mengikuti dan bergabung melalui pesona kepribadian-nya. (Promoter)', 'Mengetahui segalanya akan beres bila kita yang memimpin. (Positive)', 'Memilih mempersiap-kan aturan yang terinci sebelumnya dalam menyelesaikan suatu proyek dan lebih menyukai keterlibatan dalam tahap-tahap perencanaan dan produk jadi, bukan dalam melaksanakan tugas. (Planner)', 'Tidak terpengaruh oleh penundaan. Tetap tenang dan toleran. (Patient)'),
(8, 'Memilih agar semua kehidupan adalah kegiatan yang impulsif, tidak dipikirkan terlebih dahulu dan tidak terhambat oleh rencana.(Spontaneous)', 'Yakin, tidak ragu-ragu. (Sure)', 'Membuat dan meng-hayati hidup menurut rencana sehari-hari. Tidak menyukai bila rencananya terganggu.(Scheduled)', 'Pendiam, tidak mudah terseret dalam per-cakapan. (Shy)'),
(9, 'Orang yang riang dan dapat meyakinkan diri sendiri & orang lain bahwa semuanya akan beres. (Optimistic)', 'Bicara terang-terangan dan terkadang tidak menahan diri. (Outspoken)', 'Orang yang mengatur segala-galanya secara sistematis dan metodis. (Orderly)', 'menerima apa saja, cepat melakukan sesuatu bahkan dengan cara orang lain. (Obliging)'),
(10, 'Punya rasa humor yang cemerlang dan bisa membuat cerita apa saja menjadi peristiwa yang menyenangkan. (Funny)', 'Pribadi yang mendominasi dan mampu menyebabkan orang lain ragu - ragu untuk melawannya. (Forceful)', 'Secara konsisten dapat diandalkan, teguh, setia, dan mengabdi, bahkan terkadang tanpa alasan. (Faithful)', 'Orang yang menang-gapi. Bukan orang yang punya inisiatif untuk memulai per-cakapan. (Friendly)'),
(11, 'Orang yang me-nyenangkan sebagai teman. (Delightful)', 'Bersedia mengambil resiko tanpa kenal takut. (Daring)', 'Melakukan segala sesuatu secara ber-urutan dengan ingatan yang jernih akan segala hal yang terjadi. (Detailed)', 'Berurusan dengan orang lain secara penuh siasat, perasa, dan sabar. (Diplomatic)'),
(12, 'Secara konsisten memiliki semangat yang tinggi dan suka membagkan ke-bahagiaan kepada orang lain. (Cheerful)', 'Percaya diri dan yakin akan kemampuan dan kesuksesannya sendiri. (Confifent)', 'Orang yang perhatiannya melibat-kan sesuatu yang berhubungan dengan intelektual dan artistik. (Cultured)', 'Tetap memiliki ke-seimbangan secara emosional, me-nanggapi sebagaimana yang diharapkan orang lain. (Consisten)'),
(13, 'Mendorong orang lain untuk bekerja dan ter-libat serta membuat seluruhnya menyenangkan. (Inspiring)', 'Memenuhi diri sendiri, mandiri, penuh percaya diri dan nampak tidak begitu memerlukan bantuan. (Independent)', 'Memvisualisasikan hal-hal dalam bentuk yang sempurna dan perlu memenuhi standar itu sendiri. (Idealistic)', 'Tidak pernah me-ngatakan atau me-nyebabkan apapun yang tidak me-nyenangkan atau menimbulkan rasa keberatan. (Inoffensive)'),
(14, 'Terang-terangan me-nyatakan emosi terutama rasa sayang dan tidak ragu menyentuh ketika berbicara dengan orang lain. (Demonstrative)', 'Orang yang mempunyai kemampuan membuat penilaian yang cepat dan tuntas. (Decisive)', 'Intensif dan introspektif tanpa rasa senang pada percakapan dan pengajaran yang pulasan. (Deep)', 'Memperlihatkan ke-pandaian bicara yang mengigit\'. Biasanya kalimat satu baris yang sifatnya sarkastik. (Dryhumor)'),
(15, 'Menyukai pesta dan tidak bisa menunggu untuk bertemu setiap orang dalam ruangan, tidak pernah meng-anggap orang lain asing. (Mixes-easily)', 'Terdorong oleh keperluan untuk produktif, pemimpin yang dituruti orang lain. (Mover)', 'Punya apresiasi mendalam untuk musik, punya komitmen kepada musik sebagai bentuk seni, bukan hanya kesenangan pertunjukan. (Musical)', 'Secara konsisten mencari peranan merukunkan pertikaian supaya bisa meng-hindari konflik. (Mediator)'),
(16, 'Terus-menerus ber-bicara, biasanya men-ceritakan kisah lucu yang dapat menghibur setiap orang di sekitar-nya, merasa perlu mengisi kesunyian agar orang lain merasa senang. (Talker)', 'Memegang teguh dengan keras kepala dan tidak mau melepaskan hingga tujuan tercapai. (Tenacious)', 'Orang yang tanggap dan mengingat setiap kesempatan istimewa, cepat memberi isyarat yang baik. (Thoightful)', 'Mudah menerima pemikiran dan cara orang lain tanpa perlu tidak menyetujuinya. (Tolerant)'),
(17, 'Penuh kehidupan, kuat, dan penuh semangat. (Lively)', 'Pemberi pengarahan karena pembawaan yang terdorong untuk memimpin dan sering merasa sulit mem-percayai bahwa orang lain bisa melakukan pekerjaan dengan sama baiknya. (Leader)', 'Setia pada seseorang, gagasan, dan pekerja-an, terkadang dapat melampaui alasan. (Loyal)', 'Selalu bersedia men-dengarkan apa yang orang lain katakan. (Listener)'),
(18, 'Tak ternilai harganya, dicintai, pusat perhatian. (Cute)', 'Memegang ke-pemimpinan dan meng-harapkan orang lain mengikuti. (Chief)', 'Mengatur kehidupan, tugas, dan pemecahan masalah dengan membuat daftar. (Chartmaker)', 'Mudah puas dengan apa yang dimiliki, jarang iri hati. (Contented)'),
(19, 'Orang yang suka menghidupkan pesta sebagai diinginkan orang sebagai tamu pesta. (Populer)', 'Harus terus-menerus bekerja atau mencapai sesuatu, sering merasa sulit ber-istirahat. (Productive)', 'Menempatkan standar tinggi pada dirinya maupun orang lain. Menginginkan segala-galanya pada urutan semestinya.(Perfectionist)', 'Mudah bergaul, bersifat terbuka, mudah diajak bicara. (Pleasant)'),
(20, 'Kepribadian yang hidup, berlebihan, penuh tenaga. (Bouncy)', 'Tidak kenal takut, berani, terus terang, tidak takut akan resiko. (Bold)', 'Secara konsisten ingin membawa diri di dalam batas-batas apa yang dirasakan semestinya. (Behafed)', 'Kepribadian yang stabil dan berada di tengah-tengah. (Balanced)'),
(21, 'Memperlihatkan sedikit emosi / mimik. (Blank)', 'Menghindari perhatian akibat rasa malu. (Bashful)', 'Suka pamer, mem-perlihatkan apa yang gemerlap dan kuat, terlalu bersuara. (Brassy)', 'Suka memerintah, mendominasi, kadang-kadang mengesalkan antar hubungan orang dewasa. (Bossy)'),
(22, 'Kurang teraturan-nya mempengaruhi hampir semua bidang ke-hidupannya. (Undisipline)', 'Merasa sulit mengenali masalah dan perasaan orang lain. (Unsympathetic)', 'Sulit memaafkan dan melupakan sakit hati yang pernah dilakukan, biasa mendendam. (Unforgiving)', 'Cenderung tidak ber-gairah, sering merasa bahwa bagaimana-pun sesuatu tidak akan berhasil. (Unenthusiastic)'),
(23, 'Suka menceritakan kembali suatu kisah tanpa menyadari bahwa cerita tersebut pernah diceritakan sebelumnya, selalu perlu sesuatu untuk dikatakan. (Repetitious)', 'Berjuang, melawan untuk menerima cara lain yang tidak sesuai dengan cara yang diinginkan. (Resistant)', 'Sering memendam rasa tidak senang akibat merasa tersinggung oleh sesuatu. (Resenful)', 'Tidak bersedia ikut terlibat terutama bila rumit. (Reticent)'),
(24, 'Punya ingatan kurang kuat, biasa-nya berkaitan dengan kurang disiplin dan tidak mau repot-repot mencatat hal-hal yang tidak menyenangkan. (Forgetful)', 'Langsung, blak-blakan, tidak sungkan mengatakan apa yang dipikirkan. (Farank)', 'Bersikeras tentang persoalan sepele, minta perhatian besar pada persoalan yang tidak penting. (Fussy)', 'Sering merasa sangat khawatir, sedih, dan gelisah. (Fearful)'),
(25, 'Lebih banyak bicara daripada mendengar-kan, bila sudah bicara sulit berhenti. (Interrupts)', 'Sulit bertahan untuk menghadapi kekesal-an. (Impatient)', 'Kurang percaya diri. (Insecure)', 'Sulit dalam membuat keputusan. (Indesecive)'),
(26, 'Bisa bergairah sesaat dan sedih pada saat berikutnya. Bersedia membantu kemudian menghilang. Berjanji akan datang tapi kemudian lupa untuk muncul. (Unpredictable)', 'Merasa sulit mem-perlihatkan kasih sayang dengan terbuka. (Unaffectionate)', 'Tuntutannya akan kesempurnaan terlalu tinggi dan dapat membuat orang lain menjauhinya. (Unpopular)', 'Tidak tertarik pada perkumpulan atau kelompok. (Uninfolved)'),
(27, 'Tidak punya cara yang konsisten untuk melakukan banyak hal. (Haphazard)', 'Bersikeras memaksa-kan caranya sendiri. (Headstrong)', 'Standar yang ditetapkan begitu tinggi sehingga orang lain sulit memuaskannya. (Hard to Please)', 'Lambat dalam bergerak dan sulit untuk ikut terlibat. (Hesitant)'),
(28, 'Memperbolehkan orang lain, termasuk anak-anak untuk melakukan apa saja sesukanya untuk menghindari diri kita tidak disukai. (Permissive)', 'Punya harga diri tinggi dan menganggap diri selalu benar dan yang terbaik dalam pekerja-an. (Proud)', 'Dalam mengharapkan yang terbaik, biasanya melihat sisi buruk sesuatu terlebih dahulu. (Pessimistic)', 'Memiliki kepribadian yang biasa saja dan tidak suka mem-perlihatkan banyak emosi. (Plain)'),
(29, 'Memiliki perangai seperti anak-anak yang mengutarakan diri dengan ngambek dan berbuat ber-lebihan tetapi kemudian melupakan-nya seketika. (Angered-Easily)', 'Mudah merasa ter-asing dari orang lain dikarenakan rasa tidak aman atau takut jangan-jangan orang lain tidak merasa senang bersamanya. (Alienated)', 'Mengobarkan per-debatan karena biasanya selalu benar dan terkadang tidak peduli bagaimana situasi saat itu. (Argumentative)', 'Bukan orang yang suka menetapkan tujuan dan tidak berharap menjadi orang yang seperti itu. (Aimless)'),
(30, 'Memiliki perspektif yang sederhana dan kekanak-kanakan, kurang pengertian terhadap tingkat kehidupan yang lebih mendalam. (Naive)', 'Penuh keyakinan, semangat, dan keberanian (sering dalam pengertian negatif). (Nervy)', 'Sikapnya jarang positif dan sering hanya melihat sisi buruk dari setiap situasi. (Negative-Atitude)', 'Mudah bergaul, tidak peduli, dan masa bodoh. (Nonchalat)'),
(31, 'Merasa senang mendapat pengharga-an dari orang lain. Sebagai penghibur menyukai tepuk tangan, tawa, dan penerimaan penonton. (Wants-Credit)', 'Menetapkan tujuan secara agresif serta harus terus produktif, merasa bersalah bila beristirahat, bukan ter-dorong oleh keinginan untuk sempurna melainkan imbalan. (Workaholic)', 'Suka menarik diri dan memerlukan banyak waktu untuk sendirian atau mengasingkan diri. (Withdrawn)', 'Secara konsisten merasa terganggu atau resah. (Worrier)'),
(32, 'Suka berbicara dan sulit mendengarkan. (Talkative)', 'Kadang-kadang me-nyatakan diri dengan cara yang agak menyinggung perasaan dan kurang per-timbangan. (Tactless)', 'Terlalu introspektif dan mudah tersinggung kalau disalahpahami. (Too Sensitive)', 'Lebih suka mundur dari situasi sulit. (Timid)'),
(33, 'Kurang memiliki ke-mampuan dalam membuat kehidupan menjadi teratur. (Disorganized)', 'Dengan paksa mengambil kontrol atas situasi atau orang lain, biasanya dengan mengatakan apa yang harus dilakukan. (Domineering)', 'Hampir sepanjang waktu merasa tertekan. (Depressed)', 'Mempunyai ciri khas selalu tidak tetap dan kurang keyakinan bahwa suatu hal akan berhasil. (Doubtful)'),
(34, 'Tidak menentu, serba berlawanan dengan tindakan dan emosi yang tidak berdasar-kan logika. (Inconsistant)', 'Tampaknya tidak bisa menerima sikap, pandangan, dan cara orang lain. (Intolerant)', 'Pemikiran dan perhatian ditujukan ke dalam, hidup di dalam diri sendiri. (Introvert)', 'Merasa bahwa ke-banyakan hal tidak penting dalam suatu cara atau cara yang lain. (Indifferent)'),
(35, 'Hidup dalam keadaan tidak teratur, tidak dapat menemukan banyak benda. (Messy)', 'Mempengaruhi dengan cerdik dan penuh tipu untuk kepentingan sendiri; dengan suatu cara dapat memaksakan kehendak. (Manipulative)', 'Bicara pelan kalau didesak, tidak mau repot-repot bicara dengan jelas. (Mumbles)', 'Tidak punya emosi yang tinggi, tetapi biasanya semangatnya merosot sekali, apalagi bila merasa tidak dihargai. (Moody)'),
(36, 'Perlu menjadi pusat perhatian, ingin dilihat. (Show Off)', 'Bertekad memaksakan kehendaknya, tidak mudah dibujuk, keras kepala. (Stubborn)', 'Tidak mudah percaya, mempertanyakan motif di balik suatu perkataan. (Skeptical)', 'Tidak sering bertindak atau berpikir cepat, sangat mengganggu. (Slow)'),
(37, 'Tawa dan suaranya dapat didengar di atas suara lainnya di di dalam ruangan. (Loud)', 'Tidak ragu-ragu mengatakan benar dan dapat memegang kendali. (Lord Over)', 'Memerlukan banyak waktu pribadi dan cenderung meng-hindari orang lain. (Loner)', 'Menilai pekerjaan dan kegiatan dengan ukuran berapa banyak tenaga yang dibutuhkan. (Lazy)'),
(38, 'Tidak punya kekuatan untuk berkonsentrasi atau menaruh per-hatian pada sesuatu. (Scatterbrained)', 'Punya kemarahan yang menuntut berdasarkan ketidak-sabaran. Kemarahan yang dinyatakan saat orang lain tak bergerak cukup cepat atau tidak menyelesaikan apa yang diperintahkan. (Short-Tempered)', 'Cenderung mencurigai atau tidak mempercayai gagasan orang lain. (Suspicious)', 'Lambat untuk me-mulai, perlu dorongan yang kuat untuk termotivasi. (Sluggish)'),
(39, 'Menyukai kegiatan baru terus-menerus karena tidak merasa senang melakukan hal yang sama sepanjang waktu. (Restless)', 'Bisa bertindak tergesa-gesa tanpa memikirkan dengan tuntas terlebih dahulu, biasanya karena ketidaksabaran. (Rash)', 'Secara sadar maupun tidak mendendam, menghukum orang yang melanggar, diam-diam menahan persahabatan /kasih sayang. (Revengeful)', 'Tidak bersedia untuk ikut terlibat dalam suatu hal. (Reluctant)'),
(40, 'Rentang perhatian kekanak-kanakan dan pendek, butuh banyak perubahan dan variasi supaya tak merasa bosan. (Changeable)', 'Cerdik, orang yang selalu bisa menemu-kan cara untuk mencapai tujuan yang diinginkan. (Crafty)', 'Selalu mengevaluasi dan membuat penilaian, sering memikirkan dan menyatakan reaksi negatif. (Critical)', 'Sering mengendur kan pendiriannya, bahkan ketika merasa benar untuk menghindari terjadinya konflik. (Comrimissing)');

-- --------------------------------------------------------

--
-- Struktur dari tabel `data_uji`
--

CREATE TABLE `data_uji` (
  `id` int(11) NOT NULL,
  `nama` varchar(200) DEFAULT NULL,
  `jenis_kelamin` enum('L','P') DEFAULT NULL,
  `usia` int(11) DEFAULT NULL,
  `sekolah` varchar(100) DEFAULT NULL,
  `jawaban_a` int(11) DEFAULT NULL,
  `jawaban_b` int(11) DEFAULT NULL,
  `jawaban_c` int(11) DEFAULT NULL,
  `jawaban_d` int(11) DEFAULT NULL,
  `kelas_asli` varchar(100) DEFAULT NULL,
  `kelas_hasil` varchar(100) DEFAULT NULL,
  `nilai_sanguin` double DEFAULT NULL,
  `nilai_koleris` double DEFAULT NULL,
  `nilai_melankolis` double DEFAULT NULL,
  `nilai_plegmatis` double DEFAULT NULL,
  `id_rule` int(11) NOT NULL DEFAULT 0
) ENGINE=InnoDB DEFAULT CHARSET=latin1;

--
-- Dumping data untuk tabel `data_uji`
--

INSERT INTO `data_uji` (`id`, `nama`, `jenis_kelamin`, `usia`, `sekolah`, `jawaban_a`, `jawaban_b`, `jawaban_c`, `jawaban_d`, `kelas_asli`, `kelas_hasil`, `nilai_sanguin`, `nilai_koleris`, `nilai_melankolis`, `nilai_plegmatis`, `id_rule`) VALUES
(1, 'Rani Tri Amira', 'P', 14, 'Negeri', 21, 7, 8, 4, 'Sanguin', 'Sanguin', 0.0000066018226755008, 0.0000030305301079066, 0.00000026787933132971, 0.00000084289510530703, 6),
(2, 'Ratri Hanum', 'P', 15, 'Negeri', 20, 8, 5, 7, 'Sanguin', 'Sanguin', 0.00000243204273942, 0.0000011086988320237, 0.0000000673393594568, 0.00000017355965770349, 6),
(3, 'Tiwi Satya Dwi', 'P', 15, 'Negeri', 18, 10, 7, 5, 'Sanguin', 'Sanguin', 0.0000023443335874516, 0.0000015433960240782, 0.000000236250056025, 0.00000023750228974711, 6),
(4, 'Ratih Dwita Asmira', 'P', 14, 'Negeri', 17, 10, 6, 7, 'Sanguin', 'Sanguin', 0.0000065189956468721, 0.0000064434229308667, 0.0000025207140705233, 0.0000018310629847874, 6),
(5, 'Bagas Adi Saputra', 'L', 13, 'Swasta', 25, 5, 6, 4, 'Sanguin', 'Sanguin', 0.0000024205366576672, 0.00000071320977542788, 0.0000000008167364401103, 0.000000057026927941813, 6),
(6, 'Dirga Yanuar', 'L', 13, 'Negeri', 23, 8, 5, 4, 'Sanguin', 'Sanguin', 0.0000020310706303521, 0.0000011837545425853, 0.0000000086516192721703, 0.00000013026237729613, 6),
(7, 'Edi Santoso', 'L', 13, 'Negeri', 22, 10, 5, 3, 'Sanguin', 'Sanguin', 0.0000018582589615659, 0.0000013519458087271, 0.000000015665647440467, 0.0000001527481136698, 6),
(8, 'Mega Nuri Asri', 'P', 15, 'Negeri', 21, 8, 5, 6, 'Sanguin', 'Sanguin', 0.0000024212709737314, 0.00000093046026430865, 0.00000003523182902346, 0.00000013730458564483, 6),
(9, 'Mustika Dewi', 'P', 15, 'Negeri', 16, 12, 7, 5, 'Sanguin', 'Sanguin', 0.0000020670334144935, 0.0000020134620596805, 0.00000051340025155901, 0.00000028741573753496, 6),
(10, 'Puspita Dwi', 'P', 14, 'Negeri', 21, 5, 6, 8, 'Sanguin', 'Sanguin', 0.0000065272017078673, 0.0000032212887165486, 0.0000002134826065403, 0.00000087714543418434, 6),
(11, 'Marisa Kendra', 'P', 15, 'Swasta', 13, 9, 10, 8, 'Sanguin', 'Sanguin', 0.0000027229900359274, 0.0000020679433808813, 0.0000010821148400767, 0.00000036372527805388, 8),
(12, 'Ceny Tatia Wulandari', 'P', 14, 'Negeri', 14, 5, 10, 11, 'Sanguin', 'Sanguin', 0.0000054430753291154, 0.0000054180831803206, 0.0000060350063843462, 0.0000026829025487984, 8),
(13, 'Suci Adiwa', 'P', 14, 'Swasta', 4, 28, 4, 4, 'Koleris', 'Sanguin', 0.00000019003727623187, 0.0000078068757653227, 0.000000014505339031903, 0.000000065017451792843, 6),
(14, 'Sukma Amera', 'P', 14, 'Negeri', 8, 22, 7, 3, 'Koleris', 'Sanguin', 0.0000010025102246813, 0.0000098725075397194, 0.0000010740867025494, 0.0000005972778428229, 6),
(15, 'Tantri Kumala', 'P', 15, 'Swasta', 7, 21, 6, 6, 'Koleris', 'Sanguin', 0.00000059753919807156, 0.000003105147663837, 0.00000014502963180308, 0.00000010096414048405, 6),
(16, 'Utami Cahya', 'P', 15, 'Swasta', 6, 27, 3, 4, 'Koleris', 'Sanguin', 0.000000093649654465106, 0.0000021670427616877, 0.0000000045121196244443, 0.000000014819372364181, 6),
(17, 'Widyawati', 'P', 14, 'Negeri', 7, 18, 6, 9, 'Koleris', 'Sanguin', 0.0000024010169194955, 0.000011053164830544, 0.0000046415109035547, 0.0000016308246428343, 6),
(18, 'Wulan Sri Yanti', 'P', 15, 'Negeri', 10, 16, 6, 8, 'Koleris', 'Sanguin', 0.0000012713564405868, 0.00000316282379468, 0.0000011415032657437, 0.00000033526017390374, 6),
(19, 'Wulandari', 'P', 15, 'Negeri', 6, 20, 7, 7, 'Koleris', 'Sanguin', 0.00000060426831248972, 0.0000033065682673265, 0.000000403462385658, 0.00000016759247129419, 6),
(20, 'Yetri Arum', 'P', 15, 'Swasta', 8, 19, 5, 8, 'Koleris', 'Sanguin', 0.00000089370773412795, 0.0000029621927547439, 0.00000026381406011985, 0.00000015745901426615, 6),
(21, 'Yulianti', 'P', 14, 'Negeri', 10, 17, 7, 6, 'Koleris', 'Sanguin', 0.0000030618438169204, 0.000011538704847174, 0.0000068600123471325, 0.0000017534129040228, 6),
(22, 'Jeny Hapsari', 'P', 14, 'Negeri', 4, 25, 4, 7, 'Koleris', 'Sanguin', 0.00000042198351812807, 0.0000094903761290759, 0.00000016710542088221, 0.00000024583111875723, 6),
(23, 'Yusuf Arya', 'L', 13, 'Negeri', 7, 5, 24, 4, 'Melankolis', 'Melankolis', 0.00000015155501866989, 0.000000056488515667676, 0.0000010158555676711, 0.000000084370389321047, 2),
(24, 'Rifqi Abadin Syahwan', 'L', 13, 'Negeri', 6, 6, 24, 4, 'Melankolis', 'Melankolis', 0.00000015408352352242, 0.000000056495431734993, 0.0000010387567847325, 0.000000086227214105196, 2),
(25, 'Arga Alezsa', 'L', 13, 'Negeri', 9, 4, 20, 7, 'Melankolis', 'Melankolis', 0.00000043961912141651, 0.00000039815493142079, 0.0000020011135906337, 0.00000023024009787277, 2),
(26, 'Dianti Rahayu', 'P', 13, 'Negeri', 7, 4, 24, 5, 'Melankolis', 'Melankolis', 0.00000015454214336701, 0.000000048539054365773, 0.0000018258028083032, 0.000000036087059495383, 2),
(27, 'Danastri Ami Wijaya', 'P', 13, 'Negeri', 9, 5, 20, 6, 'Melankolis', 'Melankolis', 0.00000047916936275396, 0.00000033212754929183, 0.0000042419087145615, 0.0000001038433379234, 2),
(28, 'Laras Wijaya', 'P', 15, 'Swasta', 7, 4, 24, 5, 'Melankolis', 'Melankolis', 0.00000020679404699893, 0.000000027050648499484, 0.0000004400854975998, 0.000000039415619137728, 3),
(29, 'Pratista Bulania', 'P', 14, 'Negeri', 4, 5, 27, 4, 'Melankolis', 'Melankolis', 0.00000017270481261497, 0.000000015888488483008, 0.0000020351911489139, 0.00000011970746735966, 2),
(30, 'Sakya Ayu Syantika', 'P', 14, 'Negeri', 5, 3, 28, 4, 'Melankolis', 'Melankolis', 0.00000010990457394139, 0.0000000084368864332685, 0.000001404023334084, 0.000000078721737581092, 2),
(31, 'Widi Santi Rahayu', 'P', 14, 'Negeri', 5, 9, 20, 6, 'Melankolis', 'Melankolis', 0.0000013979521567291, 0.00000071515952244948, 0.000013120453398017, 0.00000094303281359767, 2),
(32, 'Sasmaya Ayu', 'P', 15, 'Swasta', 8, 8, 19, 5, 'Melankolis', 'Melankolis', 0.00000081019088518764, 0.00000028067961276293, 0.0000013878374447967, 0.00000014624720891142, 3),
(33, 'Ardika Fardhu W', 'L', 15, 'Negeri', 10, 6, 20, 4, 'Melankolis', 'Melankolis', 0.00000050210981190914, 0.00000021691495272916, 0.00000091265016854198, 0.00000031874833906727, 2),
(34, 'Andray Davita S', 'L', 14, 'Negeri', 4, 9, 14, 13, 'Melankolis', 'Melankolis', 0.0000029634169814564, 0.0000032132354278777, 0.0000043479097655657, 0.0000059973604205356, 2),
(35, 'Surya Aji Setyo Wicaksono', 'L', 13, 'Swasta', 6, 10, 13, 11, 'Melankolis', 'Plegmatis', 0.0000015310328923182, 0.0000025652195647707, 0.0000015645877024876, 0.00000059735039007318, 4),
(36, 'Dwiyan Yusuf', 'L', 14, 'Negeri', 7, 10, 14, 9, 'Melankolis', 'Melankolis', 0.0000036842910019804, 0.0000057298143600608, 0.000012436207737754, 0.0000062188275369681, 2),
(37, 'Muhammad Abdul Majid', 'L', 14, 'Negeri', 7, 11, 12, 10, 'Melankolis', 'Sanguin', 0.0000041660324926949, 0.0000078785591718001, 0.000010813980632704, 0.0000072723981410228, 6),
(38, 'Berlian Nur Azzahra', 'P', 13, 'Negeri', 4, 5, 6, 25, 'Plegmatis', 'Plegmatis', 0.00000025846046608437, 0.000000044419855598653, 0.0000000042801437167023, 0.00000030224889445443, 1),
(39, 'Nosa Rahomi Hamgarraya', 'L', 14, 'Negeri', 7, 6, 6, 21, 'Plegmatis', 'Plegmatis', 0.0000017675209026271, 0.00000077035906152125, 0.00000015689538670312, 0.0000082914122533391, 1),
(40, 'Gilang Marzela', 'L', 13, 'Negeri', 4, 7, 6, 23, 'Plegmatis', 'Plegmatis', 0.00000039338795406721, 0.00000014514189961666, 0.000000010844624575341, 0.0000007993412844273, 1),
(41, 'Riska Septiani Putri', 'P', 15, 'Swasta', 4, 7, 3, 26, 'Plegmatis', 'Plegmatis', 0.00000025357240490295, 0.000000012376693806221, 0.00000000039052077197693, 0.00000028974535530944, 1),
(42, 'Avista Berliana Sari', 'P', 13, 'Negeri', 6, 10, 8, 16, 'Plegmatis', 'Plegmatis', 0.0000011721120898148, 0.00000157000191114, 0.0000012244840983422, 0.00000043990786986264, 1),
(43, 'Refandra Desta Rheisava Pratama', 'L', 14, 'Swasta', 7, 6, 7, 20, 'Plegmatis', 'Plegmatis', 0.000002582169794234, 0.0000010655074089548, 0.00000016011531949154, 0.0000066574250132765, 1),
(44, 'Voleta Anggreni', 'P', 13, 'Negeri', 4, 4, 6, 26, 'Plegmatis', 'Plegmatis', 0.00000019661233524096, 0.000000025927408028033, 0.0000000017641484768986, 0.00000027215514053522, 1),
(45, 'Riyadh Eka P', 'L', 15, 'Swasta', 3, 4, 4, 29, 'Plegmatis', 'Plegmatis', 0.00000010940237874504, 0.0000000026518305437874, 0.000000000011546377718366, 0.00000049691660416416, 1),
(46, 'Andika', 'L', 13, 'Negeri', 5, 5, 9, 21, 'Plegmatis', 'Plegmatis', 0.00000053764167198065, 0.0000003186803054181, 0.000000047367839490092, 0.00000084030169077622, 1),
(47, 'Calisha Puri', 'P', 14, 'Negeri', 7, 8, 3, 22, 'Plegmatis', 'Plegmatis', 0.0000013698216899439, 0.00000035337004998764, 0.00000012285180243837, 0.000003123560848989, 1),
(48, 'Zulfan Arif Ramadhani', 'L', 15, 'Swasta', 5, 7, 7, 21, 'Plegmatis', 'Plegmatis', 0.00000077969925811453, 0.00000019839192601884, 0.000000011758707357862, 0.00000099726259419452, 1),
(49, 'Nady Enggaling B.', 'L', 14, 'Swasta', 4, 6, 3, 27, 'Plegmatis', 'Plegmatis', 0.00000052251160245775, 0.000000030396546227412, 0.00000000059835849706695, 0.0000038748273433025, 1),
(50, 'Muhammad Farhan', 'L', 13, 'Swasta', 10, 5, 7, 18, 'Plegmatis', 'Plegmatis', 0.0000011583603248821, 0.00000095121223371338, 0.00000011724723726407, 0.00000071648122621771, 1),
(51, 'Khairi Alfiansyah Lubis', 'L', 13, 'Swasta', 5, 5, 4, 26, 'Plegmatis', 'Plegmatis', 0.00000023056939431524, 0.000000028227575701584, 0.00000000053894611514599, 0.00000049188514352807, 1),
(52, 'Alinna Mutiara Santoso', 'P', 13, 'Negeri', 6, 7, 8, 19, 'Plegmatis', 'Plegmatis', 0.00000084110924922834, 0.00000061597857987666, 0.00000032733549300727, 0.00000043464865773796, 1),
(53, 'Ardhi Septo Nugroho', 'L', 13, 'Negeri', 7, 9, 6, 18, 'Plegmatis', 'Plegmatis', 0.00000092422327974284, 0.0000011017881587469, 0.00000026631294374946, 0.0000010117678508341, 1),
(54, 'Anindya Rahayu', 'P', 13, 'Negeri', 5, 7, 6, 22, 'Plegmatis', 'Plegmatis', 0.000000503813569402, 0.00000019329110785205, 0.000000045919718193103, 0.00000038119579391337, 1),
(55, 'Dewi Rahma Tika', 'P', 13, 'Negeri', 10, 5, 4, 21, 'Plegmatis', 'Plegmatis', 0.00000057356824882504, 0.00000025780194392084, 0.000000063114912845441, 0.00000034474876931404, 1),
(56, 'Yuni Sarahwati', 'P', 14, 'Negeri', 6, 3, 6, 25, 'Plegmatis', 'Plegmatis', 0.00000071871720728424, 0.000000097241018603021, 0.00000001338814383888, 0.0000025788847745709, 1),
(57, 'Afrita Surya Ningrum', 'P', 14, 'Negeri', 7, 6, 7, 20, 'Plegmatis', 'Plegmatis', 0.0000021916564611554, 0.00000093597513570935, 0.00000056290542008743, 0.000003786410476301, 1),
(58, 'Nikita Ratu Ayu Nirmala', 'P', 15, 'Negeri', 10, 7, 6, 17, 'Plegmatis', 'Plegmatis', 0.0000012661938679951, 0.0000006870281383911, 0.00000030944137883124, 0.00000061673111162771, 1),
(59, 'Nabila Dhiya\' Tsabitah', 'P', 15, 'Negeri', 9, 7, 6, 18, 'Plegmatis', 'Plegmatis', 0.0000011000694924248, 0.00000052149719658468, 0.00000021640589950235, 0.00000062540095566308, 1),
(60, 'Eka Putra Nursetya', 'L', 13, 'Swasta', 6, 4, 6, 24, 'Plegmatis', 'Plegmatis', 0.00000037138964400925, 0.000000087459071490435, 0.0000000029725654046446, 0.00000057053153139424, 1),
(61, 'Erina Rein', 'P', 13, 'Negeri', 3, 5, 4, 28, 'Plegmatis', 'Plegmatis', 0.00000011606335145238, 0.0000000072944933863085, 0.0000000002458388247861, 0.00000022366467449244, 1),
(62, 'Gempita Ayana', 'P', 15, 'Swasta', 6, 5, 6, 23, 'Plegmatis', 'Plegmatis', 0.00000054132787719189, 0.000000069405100736891, 0.0000000056393809017329, 0.00000039053781434817, 1),
(63, 'Bisma Lintang Trenggana', 'L', 14, 'Negeri', 13, 4, 0, 23, 'Plegmatis', 'Sanguin', 0.00000079382153589713, 0.00000013400655323289, 0.0000000078856777975001, 0.0000035930845629635, 5),
(64, 'Fitri Marmiatun', 'P', 15, 'Swasta', 6, 12, 9, 13, 'Plegmatis', 'Sanguin', 0.0000017916412392788, 0.0000016146124545693, 0.00000069490856175857, 0.00000042760594708472, 6),
(65, 'Tria Ramadhani', 'P', 14, 'Swasta', 6, 12, 8, 14, 'Plegmatis', 'Sanguin', 0.0000046816514629353, 0.0000050184378358557, 0.0000033916206694388, 0.0000027433148287671, 6),
(66, 'Restu Febila', 'P', 14, 'Swasta', 9, 12, 5, 14, 'Plegmatis', 'Sanguin', 0.0000047491635469579, 0.0000049650046331754, 0.0000027630933416247, 0.0000026395464493827, 6),
(67, 'Salsabilla Asti Masithoh', 'P', 14, 'Swasta', 12, 9, 5, 14, 'Plegmatis', 'Sanguin', 0.0000057244188529404, 0.0000043130680331551, 0.0000022340530504, 0.0000026449327162879, 8);

-- --------------------------------------------------------

--
-- Struktur dari tabel `gain`
--

CREATE TABLE `gain` (
  `id` int(11) NOT NULL,
  `node_id` int(11) DEFAULT NULL,
  `atribut` varchar(100) DEFAULT NULL,
  `gain` double DEFAULT NULL
) ENGINE=InnoDB DEFAULT CHARSET=latin1;

-- --------------------------------------------------------

--
-- Struktur dari tabel `jawaban_kuisioner`
--

CREATE TABLE `jawaban_kuisioner` (
  `id` int(11) NOT NULL,
  `id_user` int(11) NOT NULL DEFAULT 0,
  `id_siswa` int(11) NOT NULL DEFAULT 0,
  `id_soal` int(11) NOT NULL DEFAULT 0,
  `jawaban` varchar(20) NOT NULL DEFAULT ''
) ENGINE=InnoDB DEFAULT CHARSET=latin1;

--
-- Dumping data untuk tabel `jawaban_kuisioner`
--

INSERT INTO `jawaban_kuisioner` (`id`, `id_user`, `id_siswa`, `id_soal`, `jawaban`) VALUES
(1, 2, 1, 1, 'B'),
(2, 2, 1, 2, 'C'),
(3, 2, 1, 3, 'C'),
(4, 2, 1, 4, 'C'),
(5, 2, 1, 5, 'C'),
(6, 2, 1, 6, 'C'),
(7, 2, 1, 7, 'B'),
(8, 2, 1, 8, 'B'),
(9, 2, 1, 9, 'B'),
(10, 2, 1, 10, 'B'),
(11, 2, 1, 11, 'B'),
(12, 2, 1, 12, 'C'),
(13, 2, 1, 13, 'A'),
(14, 2, 1, 14, 'A'),
(15, 2, 1, 15, 'A'),
(16, 2, 1, 16, 'D'),
(17, 2, 1, 17, 'D'),
(18, 2, 1, 18, 'D'),
(19, 2, 1, 19, 'A'),
(20, 2, 1, 20, 'B'),
(21, 2, 1, 21, 'A'),
(22, 2, 1, 22, 'C'),
(23, 2, 1, 23, 'C'),
(24, 2, 1, 24, 'C'),
(25, 2, 1, 25, 'D'),
(26, 2, 1, 26, 'C'),
(27, 2, 1, 27, 'C'),
(28, 2, 1, 28, 'B'),
(29, 2, 1, 29, 'B'),
(30, 2, 1, 30, 'D'),
(31, 2, 1, 31, 'B'),
(32, 2, 1, 32, 'B'),
(33, 2, 1, 33, 'B'),
(34, 2, 1, 34, 'B'),
(35, 2, 1, 35, 'D'),
(36, 2, 1, 36, 'B'),
(37, 2, 1, 37, 'D'),
(38, 2, 1, 38, 'B'),
(39, 2, 1, 39, 'B'),
(40, 2, 1, 40, 'D'),
(41, 28, 2, 1, 'A'),
(42, 28, 2, 2, 'B'),
(43, 28, 2, 3, 'B'),
(44, 28, 2, 4, 'C'),
(45, 28, 2, 5, 'A'),
(46, 28, 2, 6, 'A'),
(47, 28, 2, 7, 'A'),
(48, 28, 2, 8, 'A'),
(49, 28, 2, 9, 'A'),
(50, 28, 2, 10, 'A'),
(51, 28, 2, 11, 'A'),
(52, 28, 2, 12, 'B'),
(53, 28, 2, 13, 'B'),
(54, 28, 2, 14, 'B'),
(55, 28, 2, 15, 'D'),
(56, 28, 2, 16, 'C'),
(57, 28, 2, 17, 'C'),
(58, 28, 2, 18, 'D'),
(59, 28, 2, 19, 'B'),
(60, 28, 2, 20, 'B'),
(61, 28, 2, 21, 'C'),
(62, 28, 2, 22, 'C'),
(63, 28, 2, 23, 'C'),
(64, 28, 2, 24, 'D'),
(65, 28, 2, 25, 'D'),
(66, 28, 2, 26, 'D'),
(67, 28, 2, 27, 'C'),
(68, 28, 2, 28, 'A'),
(69, 28, 2, 29, 'A'),
(70, 28, 2, 30, 'B'),
(71, 28, 2, 31, 'D'),
(72, 28, 2, 32, 'C'),
(73, 28, 2, 33, 'A'),
(74, 28, 2, 34, 'B'),
(75, 28, 2, 35, 'B'),
(76, 28, 2, 36, 'D'),
(77, 28, 2, 37, 'A'),
(78, 28, 2, 38, 'C'),
(79, 28, 2, 39, 'D'),
(80, 28, 2, 40, 'C'),
(81, 29, 3, 1, 'A'),
(82, 29, 3, 2, 'A'),
(83, 29, 3, 3, 'B'),
(84, 29, 3, 4, 'B'),
(85, 29, 3, 5, 'D'),
(86, 29, 3, 6, 'A'),
(87, 29, 3, 7, 'C'),
(88, 29, 3, 8, 'B'),
(89, 29, 3, 9, 'B'),
(90, 29, 3, 10, 'B'),
(91, 29, 3, 11, 'A'),
(92, 29, 3, 12, 'A'),
(93, 29, 3, 13, 'A'),
(94, 29, 3, 14, 'D'),
(95, 29, 3, 15, 'D'),
(96, 29, 3, 16, 'C'),
(97, 29, 3, 17, 'A'),
(98, 29, 3, 18, 'A'),
(99, 29, 3, 19, 'A'),
(100, 29, 3, 20, 'A'),
(101, 29, 3, 21, 'A'),
(102, 29, 3, 22, 'A'),
(103, 29, 3, 23, 'A'),
(104, 29, 3, 24, 'A'),
(105, 29, 3, 25, 'A'),
(106, 29, 3, 26, 'A'),
(107, 29, 3, 27, 'A'),
(108, 29, 3, 28, 'A'),
(109, 29, 3, 29, 'D'),
(110, 29, 3, 30, 'D'),
(111, 29, 3, 31, 'C'),
(112, 29, 3, 32, 'C'),
(113, 29, 3, 33, 'C'),
(114, 29, 3, 34, 'D'),
(115, 29, 3, 35, 'D'),
(116, 29, 3, 36, 'C'),
(117, 29, 3, 37, 'C'),
(118, 29, 3, 38, 'C'),
(119, 29, 3, 39, 'D'),
(120, 29, 3, 40, 'D'),
(121, 31, 5, 1, 'A'),
(122, 31, 5, 2, 'A'),
(123, 31, 5, 3, 'A'),
(124, 31, 5, 4, 'D'),
(125, 31, 5, 5, 'D'),
(126, 31, 5, 6, 'A'),
(127, 31, 5, 7, 'A'),
(128, 31, 5, 8, 'C'),
(129, 31, 5, 9, 'B'),
(130, 31, 5, 10, 'B'),
(131, 31, 5, 11, 'C'),
(132, 31, 5, 12, 'C'),
(133, 31, 5, 13, 'C'),
(134, 31, 5, 14, 'A'),
(135, 31, 5, 15, 'C'),
(136, 31, 5, 16, 'B'),
(137, 31, 5, 17, 'C'),
(138, 31, 5, 18, 'D'),
(139, 31, 5, 19, 'A'),
(140, 31, 5, 20, 'A'),
(141, 31, 5, 21, 'A'),
(142, 31, 5, 22, 'A'),
(143, 31, 5, 23, 'C'),
(144, 31, 5, 24, 'D'),
(145, 31, 5, 25, 'A'),
(146, 31, 5, 26, 'A'),
(147, 31, 5, 27, 'D'),
(148, 31, 5, 28, 'C'),
(149, 31, 5, 29, 'C'),
(150, 31, 5, 30, 'C'),
(151, 31, 5, 31, 'D'),
(152, 31, 5, 32, 'D'),
(153, 31, 5, 33, 'D'),
(154, 31, 5, 34, 'C'),
(155, 31, 5, 35, 'C'),
(156, 31, 5, 36, 'C'),
(157, 31, 5, 37, 'C'),
(158, 31, 5, 38, 'C'),
(159, 31, 5, 39, 'D'),
(160, 31, 5, 40, 'D'),
(161, 32, 6, 1, 'B'),
(162, 32, 6, 2, 'B'),
(163, 32, 6, 3, 'B'),
(164, 32, 6, 4, 'B'),
(165, 32, 6, 5, 'B'),
(166, 32, 6, 6, 'B'),
(167, 32, 6, 7, 'B'),
(168, 32, 6, 8, 'B'),
(169, 32, 6, 9, 'B'),
(170, 32, 6, 10, 'B'),
(171, 32, 6, 11, 'B'),
(172, 32, 6, 12, 'B'),
(173, 32, 6, 13, 'B'),
(174, 32, 6, 14, 'B'),
(175, 32, 6, 15, 'B'),
(176, 32, 6, 16, 'B'),
(177, 32, 6, 17, 'B'),
(178, 32, 6, 18, 'B'),
(179, 32, 6, 19, 'B'),
(180, 32, 6, 20, 'B'),
(181, 32, 6, 21, 'B'),
(182, 32, 6, 22, 'B'),
(183, 32, 6, 23, 'B'),
(184, 32, 6, 24, 'B'),
(185, 32, 6, 25, 'B'),
(186, 32, 6, 26, 'B'),
(187, 32, 6, 27, 'B'),
(188, 32, 6, 28, 'B'),
(189, 32, 6, 29, 'B'),
(190, 32, 6, 30, 'B'),
(191, 32, 6, 31, 'B'),
(192, 32, 6, 32, 'B'),
(193, 32, 6, 33, 'B'),
(194, 32, 6, 34, 'B'),
(195, 32, 6, 35, 'B'),
(196, 32, 6, 36, 'B'),
(197, 32, 6, 37, 'B'),
(198, 32, 6, 38, 'B'),
(199, 32, 6, 39, 'B'),
(200, 32, 6, 40, 'B'),
(201, 36, 10, 1, 'A'),
(202, 36, 10, 2, 'A'),
(203, 36, 10, 3, 'A'),
(204, 36, 10, 4, 'A'),
(205, 36, 10, 5, 'A'),
(206, 36, 10, 6, 'A'),
(207, 36, 10, 7, 'A'),
(208, 36, 10, 8, 'A'),
(209, 36, 10, 9, 'A'),
(210, 36, 10, 10, 'A'),
(211, 36, 10, 11, 'B'),
(212, 36, 10, 12, 'B'),
(213, 36, 10, 13, 'B'),
(214, 36, 10, 14, 'B'),
(215, 36, 10, 15, 'B'),
(216, 36, 10, 16, 'B'),
(217, 36, 10, 17, 'B'),
(218, 36, 10, 18, 'B'),
(219, 36, 10, 19, 'B'),
(220, 36, 10, 20, 'B'),
(221, 36, 10, 21, 'C'),
(222, 36, 10, 22, 'C'),
(223, 36, 10, 23, 'C'),
(224, 36, 10, 24, 'C'),
(225, 36, 10, 25, 'C'),
(226, 36, 10, 26, 'C'),
(227, 36, 10, 27, 'C'),
(228, 36, 10, 28, 'C'),
(229, 36, 10, 29, 'C'),
(230, 36, 10, 30, 'C'),
(231, 36, 10, 31, 'D'),
(232, 36, 10, 32, 'D'),
(233, 36, 10, 33, 'D'),
(234, 36, 10, 34, 'D'),
(235, 36, 10, 35, 'D'),
(236, 36, 10, 36, 'D'),
(237, 36, 10, 37, 'D'),
(238, 36, 10, 38, 'D'),
(239, 36, 10, 39, 'D'),
(240, 36, 10, 40, 'D'),
(241, 34, 8, 1, 'B'),
(242, 34, 8, 2, 'B'),
(243, 34, 8, 3, 'C'),
(244, 34, 8, 4, 'A'),
(245, 34, 8, 5, 'B'),
(246, 34, 8, 6, 'D'),
(247, 34, 8, 7, 'A'),
(248, 34, 8, 8, 'A'),
(249, 34, 8, 9, 'A'),
(250, 34, 8, 10, 'A'),
(251, 34, 8, 11, 'C'),
(252, 34, 8, 12, 'A'),
(253, 34, 8, 13, 'B'),
(254, 34, 8, 14, 'A'),
(255, 34, 8, 15, 'A'),
(256, 34, 8, 16, 'B'),
(257, 34, 8, 17, 'C'),
(258, 34, 8, 18, 'D'),
(259, 34, 8, 19, 'A'),
(260, 34, 8, 20, 'C'),
(261, 34, 8, 21, 'D'),
(262, 34, 8, 22, 'A'),
(263, 34, 8, 23, 'D'),
(264, 34, 8, 24, 'B'),
(265, 34, 8, 25, 'C'),
(266, 34, 8, 26, 'B'),
(267, 34, 8, 27, 'A'),
(268, 34, 8, 28, 'C'),
(269, 34, 8, 29, 'A'),
(270, 34, 8, 30, 'D'),
(271, 34, 8, 31, 'C'),
(272, 34, 8, 32, 'A'),
(273, 34, 8, 33, 'B'),
(274, 34, 8, 34, 'C'),
(275, 34, 8, 35, 'A'),
(276, 34, 8, 36, 'D'),
(277, 34, 8, 37, 'A'),
(278, 34, 8, 38, 'C'),
(279, 34, 8, 39, 'C'),
(280, 34, 8, 40, 'C'),
(281, 35, 9, 1, 'A'),
(282, 35, 9, 2, 'B'),
(283, 35, 9, 3, 'A'),
(284, 35, 9, 4, 'A'),
(285, 35, 9, 5, 'B'),
(286, 35, 9, 6, 'B'),
(287, 35, 9, 7, 'D'),
(288, 35, 9, 8, 'C'),
(289, 35, 9, 9, 'D'),
(290, 35, 9, 10, 'C'),
(291, 35, 9, 11, 'B'),
(292, 35, 9, 12, 'C'),
(293, 35, 9, 13, 'D'),
(294, 35, 9, 14, 'D'),
(295, 35, 9, 15, 'A'),
(296, 35, 9, 16, 'B'),
(297, 35, 9, 17, 'A'),
(298, 35, 9, 18, 'A'),
(299, 35, 9, 19, 'A'),
(300, 35, 9, 20, 'A'),
(301, 35, 9, 21, 'D'),
(302, 35, 9, 22, 'B'),
(303, 35, 9, 23, 'B'),
(304, 35, 9, 24, 'A'),
(305, 35, 9, 25, 'A'),
(306, 35, 9, 26, 'A'),
(307, 35, 9, 27, 'C'),
(308, 35, 9, 28, 'B'),
(309, 35, 9, 29, 'A'),
(310, 35, 9, 30, 'A'),
(311, 35, 9, 31, 'B'),
(312, 35, 9, 32, 'A'),
(313, 35, 9, 33, 'A'),
(314, 35, 9, 34, 'A'),
(315, 35, 9, 35, 'A'),
(316, 35, 9, 36, 'B'),
(317, 35, 9, 37, 'B'),
(318, 35, 9, 38, 'C'),
(319, 35, 9, 39, 'D'),
(320, 35, 9, 40, 'C'),
(321, 41, 15, 1, 'A'),
(322, 41, 15, 2, 'A'),
(323, 41, 15, 3, 'A'),
(324, 41, 15, 4, 'A'),
(325, 41, 15, 5, 'A'),
(326, 41, 15, 6, 'A'),
(327, 41, 15, 7, 'A'),
(328, 41, 15, 8, 'A'),
(329, 41, 15, 9, 'A'),
(330, 41, 15, 10, 'A'),
(331, 41, 15, 11, 'B'),
(332, 41, 15, 12, 'B'),
(333, 41, 15, 13, 'B'),
(334, 41, 15, 14, 'B'),
(335, 41, 15, 15, 'B'),
(336, 41, 15, 16, 'B'),
(337, 41, 15, 17, 'B'),
(338, 41, 15, 18, 'B'),
(339, 41, 15, 19, 'B'),
(340, 41, 15, 20, 'B'),
(341, 41, 15, 21, 'C'),
(342, 41, 15, 22, 'C'),
(343, 41, 15, 23, 'C'),
(344, 41, 15, 24, 'C'),
(345, 41, 15, 25, 'C'),
(346, 41, 15, 26, 'C'),
(347, 41, 15, 27, 'C'),
(348, 41, 15, 28, 'C'),
(349, 41, 15, 29, 'C'),
(350, 41, 15, 30, 'C'),
(351, 41, 15, 31, 'D'),
(352, 41, 15, 32, 'D'),
(353, 41, 15, 33, 'D'),
(354, 41, 15, 34, 'D'),
(355, 41, 15, 35, 'D'),
(356, 41, 15, 36, 'D'),
(357, 41, 15, 37, 'D'),
(358, 41, 15, 38, 'D'),
(359, 41, 15, 39, 'D'),
(360, 41, 15, 40, 'D'),
(361, 43, 16, 1, 'A'),
(362, 43, 16, 2, 'A'),
(363, 43, 16, 3, 'D'),
(364, 43, 16, 4, 'A'),
(365, 43, 16, 5, 'A'),
(366, 43, 16, 6, 'A'),
(367, 43, 16, 7, 'C'),
(368, 43, 16, 8, 'A'),
(369, 43, 16, 9, 'A'),
(370, 43, 16, 10, 'A'),
(371, 43, 16, 11, 'D'),
(372, 43, 16, 12, 'A'),
(373, 43, 16, 13, 'B'),
(374, 43, 16, 14, 'B'),
(375, 43, 16, 15, 'B'),
(376, 43, 16, 16, 'C'),
(377, 43, 16, 17, 'B'),
(378, 43, 16, 18, 'B'),
(379, 43, 16, 19, 'C'),
(380, 43, 16, 20, 'A'),
(381, 43, 16, 21, 'A'),
(382, 43, 16, 22, 'C'),
(383, 43, 16, 23, 'D'),
(384, 43, 16, 24, 'B'),
(385, 43, 16, 25, 'B'),
(386, 43, 16, 26, 'C'),
(387, 43, 16, 27, 'B'),
(388, 43, 16, 28, 'B'),
(389, 43, 16, 29, 'C'),
(390, 43, 16, 30, 'B'),
(391, 43, 16, 31, 'B'),
(392, 43, 16, 32, 'A'),
(393, 43, 16, 33, 'B'),
(394, 43, 16, 34, 'C'),
(395, 43, 16, 35, 'B'),
(396, 43, 16, 36, 'B'),
(397, 43, 16, 37, 'C'),
(398, 43, 16, 38, 'A'),
(399, 43, 16, 39, 'B'),
(400, 43, 16, 40, 'D'),
(401, 44, 17, 1, 'C'),
(402, 44, 17, 2, 'C'),
(403, 44, 17, 3, 'D'),
(404, 44, 17, 4, 'B'),
(405, 44, 17, 5, 'B'),
(406, 44, 17, 6, 'D'),
(407, 44, 17, 7, 'B'),
(408, 44, 17, 8, 'B'),
(409, 44, 17, 9, 'A'),
(410, 44, 17, 10, 'B'),
(411, 44, 17, 11, 'A'),
(412, 44, 17, 12, 'C'),
(413, 44, 17, 13, 'D'),
(414, 44, 17, 14, 'B'),
(415, 44, 17, 15, 'B'),
(416, 44, 17, 16, 'A'),
(417, 44, 17, 17, 'C'),
(418, 44, 17, 18, 'D'),
(419, 44, 17, 19, 'C'),
(420, 44, 17, 20, 'C'),
(421, 44, 17, 21, 'A'),
(422, 44, 17, 22, 'A'),
(423, 44, 17, 23, 'A'),
(424, 44, 17, 24, 'A'),
(425, 44, 17, 25, 'B'),
(426, 44, 17, 26, 'B'),
(427, 44, 17, 27, 'B'),
(428, 44, 17, 28, 'A'),
(429, 44, 17, 29, 'D'),
(430, 44, 17, 30, 'A'),
(431, 44, 17, 31, 'B'),
(432, 44, 17, 32, 'A'),
(433, 44, 17, 33, 'A'),
(434, 44, 17, 34, 'A'),
(435, 44, 17, 35, 'A'),
(436, 44, 17, 36, 'A'),
(437, 44, 17, 37, 'C'),
(438, 44, 17, 38, 'B'),
(439, 44, 17, 39, 'B'),
(440, 44, 17, 40, 'C'),
(441, 46, 19, 1, 'A'),
(442, 46, 19, 2, 'A'),
(443, 46, 19, 3, 'B'),
(444, 46, 19, 4, 'D'),
(445, 46, 19, 5, 'D'),
(446, 46, 19, 6, 'C'),
(447, 46, 19, 7, 'C'),
(448, 46, 19, 8, 'B'),
(449, 46, 19, 9, 'A'),
(450, 46, 19, 10, 'D'),
(451, 46, 19, 11, 'D'),
(452, 46, 19, 12, 'B'),
(453, 46, 19, 13, 'A'),
(454, 46, 19, 14, 'C'),
(455, 46, 19, 15, 'D'),
(456, 46, 19, 16, 'C'),
(457, 46, 19, 17, 'B'),
(458, 46, 19, 18, 'B'),
(459, 46, 19, 19, 'B'),
(460, 46, 19, 20, 'B'),
(461, 46, 19, 21, 'B'),
(462, 46, 19, 22, 'C'),
(463, 46, 19, 23, 'D'),
(464, 46, 19, 24, 'A'),
(465, 46, 19, 25, 'A'),
(466, 46, 19, 26, 'C'),
(467, 46, 19, 27, 'D'),
(468, 46, 19, 28, 'B'),
(469, 46, 19, 29, 'C'),
(470, 46, 19, 30, 'A'),
(471, 46, 19, 31, 'A'),
(472, 46, 19, 32, 'B'),
(473, 46, 19, 33, 'B'),
(474, 46, 19, 34, 'B'),
(475, 46, 19, 35, 'A'),
(476, 46, 19, 36, 'C'),
(477, 46, 19, 37, 'D'),
(478, 46, 19, 38, 'A'),
(479, 46, 19, 39, 'A'),
(480, 46, 19, 40, 'A'),
(481, 48, 21, 1, 'A'),
(482, 48, 21, 2, 'A'),
(483, 48, 21, 3, 'A'),
(484, 48, 21, 4, 'A'),
(485, 48, 21, 5, 'A'),
(486, 48, 21, 6, 'A'),
(487, 48, 21, 7, 'A'),
(488, 48, 21, 8, 'A'),
(489, 48, 21, 9, 'A'),
(490, 48, 21, 10, 'A'),
(491, 48, 21, 11, 'A'),
(492, 48, 21, 12, 'A'),
(493, 48, 21, 13, 'A'),
(494, 48, 21, 14, 'A'),
(495, 48, 21, 15, 'A'),
(496, 48, 21, 16, 'A'),
(497, 48, 21, 17, 'A'),
(498, 48, 21, 18, 'A'),
(499, 48, 21, 19, 'A'),
(500, 48, 21, 20, 'A'),
(501, 48, 21, 21, 'A'),
(502, 48, 21, 22, 'B'),
(503, 48, 21, 23, 'C'),
(504, 48, 21, 24, 'C'),
(505, 48, 21, 25, 'C'),
(506, 48, 21, 26, 'D'),
(507, 48, 21, 27, 'C'),
(508, 48, 21, 28, 'A'),
(509, 48, 21, 29, 'B'),
(510, 48, 21, 30, 'A'),
(511, 48, 21, 31, 'A'),
(512, 48, 21, 32, 'A'),
(513, 48, 21, 33, 'D'),
(514, 48, 21, 34, 'C'),
(515, 48, 21, 35, 'C'),
(516, 48, 21, 36, 'C'),
(517, 48, 21, 37, 'B'),
(518, 48, 21, 38, 'A'),
(519, 48, 21, 39, 'B'),
(520, 48, 21, 40, 'A'),
(521, 49, 22, 1, 'D'),
(522, 49, 22, 2, 'D'),
(523, 49, 22, 3, 'D'),
(524, 49, 22, 4, 'D'),
(525, 49, 22, 5, 'D'),
(526, 49, 22, 6, 'D'),
(527, 49, 22, 7, 'D'),
(528, 49, 22, 8, 'D'),
(529, 49, 22, 9, 'D'),
(530, 49, 22, 10, 'D'),
(531, 49, 22, 11, 'D'),
(532, 49, 22, 12, 'D'),
(533, 49, 22, 13, 'D'),
(534, 49, 22, 14, 'D'),
(535, 49, 22, 15, 'D'),
(536, 49, 22, 16, 'D'),
(537, 49, 22, 17, 'D'),
(538, 49, 22, 18, 'D'),
(539, 49, 22, 19, 'D'),
(540, 49, 22, 20, 'D'),
(541, 49, 22, 21, 'D'),
(542, 49, 22, 22, 'D'),
(543, 49, 22, 23, 'D'),
(544, 49, 22, 24, 'C'),
(545, 49, 22, 25, 'C'),
(546, 49, 22, 26, 'A'),
(547, 49, 22, 27, 'B'),
(548, 49, 22, 28, 'D'),
(549, 49, 22, 29, 'D'),
(550, 49, 22, 30, 'A'),
(551, 49, 22, 31, 'D'),
(552, 49, 22, 32, 'A'),
(553, 49, 22, 33, 'B'),
(554, 49, 22, 34, 'C'),
(555, 49, 22, 35, 'D'),
(556, 49, 22, 36, 'D'),
(557, 49, 22, 37, 'D'),
(558, 49, 22, 38, 'C'),
(559, 49, 22, 39, 'D'),
(560, 49, 22, 40, 'D'),
(561, 51, 24, 1, 'D'),
(562, 51, 24, 2, 'D'),
(563, 51, 24, 3, 'D'),
(564, 51, 24, 4, 'D'),
(565, 51, 24, 5, 'D'),
(566, 51, 24, 6, 'D'),
(567, 51, 24, 7, 'D'),
(568, 51, 24, 8, 'D'),
(569, 51, 24, 9, 'D'),
(570, 51, 24, 10, 'D'),
(571, 51, 24, 11, 'D'),
(572, 51, 24, 12, 'D'),
(573, 51, 24, 13, 'D'),
(574, 51, 24, 14, 'D'),
(575, 51, 24, 15, 'D'),
(576, 51, 24, 16, 'D'),
(577, 51, 24, 17, 'D'),
(578, 51, 24, 18, 'D'),
(579, 51, 24, 19, 'D'),
(580, 51, 24, 20, 'A'),
(581, 51, 24, 21, 'D'),
(582, 51, 24, 22, 'D'),
(583, 51, 24, 23, 'D'),
(584, 51, 24, 24, 'D'),
(585, 51, 24, 25, 'D'),
(586, 51, 24, 26, 'D'),
(587, 51, 24, 27, 'D'),
(588, 51, 24, 28, 'D'),
(589, 51, 24, 29, 'D'),
(590, 51, 24, 30, 'D'),
(591, 51, 24, 31, 'D'),
(592, 51, 24, 32, 'D'),
(593, 51, 24, 33, 'C'),
(594, 51, 24, 34, 'C'),
(595, 51, 24, 35, 'C'),
(596, 51, 24, 36, 'D'),
(597, 51, 24, 37, 'D'),
(598, 51, 24, 38, 'D'),
(599, 51, 24, 39, 'D'),
(600, 51, 24, 40, 'D'),
(601, 50, 23, 1, 'A'),
(602, 50, 23, 2, 'A'),
(603, 50, 23, 3, 'D'),
(604, 50, 23, 4, 'B'),
(605, 50, 23, 5, 'B'),
(606, 50, 23, 6, 'B'),
(607, 50, 23, 7, 'A'),
(608, 50, 23, 8, 'A'),
(609, 50, 23, 9, 'A'),
(610, 50, 23, 10, 'A'),
(611, 50, 23, 11, 'A'),
(612, 50, 23, 12, 'A'),
(613, 50, 23, 13, 'A'),
(614, 50, 23, 14, 'A'),
(615, 50, 23, 15, 'A'),
(616, 50, 23, 16, 'A'),
(617, 50, 23, 17, 'A'),
(618, 50, 23, 18, 'A'),
(619, 50, 23, 19, 'A'),
(620, 50, 23, 20, 'A'),
(621, 50, 23, 21, 'A'),
(622, 50, 23, 22, 'A'),
(623, 50, 23, 23, 'A'),
(624, 50, 23, 24, 'A'),
(625, 50, 23, 25, 'A'),
(626, 50, 23, 26, 'A'),
(627, 50, 23, 27, 'A'),
(628, 50, 23, 28, 'A'),
(629, 50, 23, 29, 'A'),
(630, 50, 23, 30, 'A'),
(631, 50, 23, 31, 'A'),
(632, 50, 23, 32, 'A'),
(633, 50, 23, 33, 'A'),
(634, 50, 23, 34, 'A'),
(635, 50, 23, 35, 'A'),
(636, 50, 23, 36, 'A'),
(637, 50, 23, 37, 'A'),
(638, 50, 23, 38, 'A'),
(639, 50, 23, 39, 'A'),
(640, 50, 23, 40, 'A'),
(641, 52, 25, 1, 'C'),
(642, 52, 25, 2, 'C'),
(643, 52, 25, 3, 'C'),
(644, 52, 25, 4, 'C'),
(645, 52, 25, 5, 'C'),
(646, 52, 25, 6, 'C'),
(647, 52, 25, 7, 'C'),
(648, 52, 25, 8, 'C'),
(649, 52, 25, 9, 'C'),
(650, 52, 25, 10, 'C'),
(651, 52, 25, 11, 'C'),
(652, 52, 25, 12, 'C'),
(653, 52, 25, 13, 'C'),
(654, 52, 25, 14, 'C'),
(655, 52, 25, 15, 'C'),
(656, 52, 25, 16, 'C'),
(657, 52, 25, 17, 'C'),
(658, 52, 25, 18, 'C'),
(659, 52, 25, 19, 'C'),
(660, 52, 25, 20, 'C'),
(661, 52, 25, 21, 'C'),
(662, 52, 25, 22, 'C'),
(663, 52, 25, 23, 'C'),
(664, 52, 25, 24, 'C'),
(665, 52, 25, 25, 'C'),
(666, 52, 25, 26, 'C'),
(667, 52, 25, 27, 'C'),
(668, 52, 25, 28, 'C'),
(669, 52, 25, 29, 'C'),
(670, 52, 25, 30, 'C'),
(671, 52, 25, 31, 'C'),
(672, 52, 25, 32, 'C'),
(673, 52, 25, 33, 'C'),
(674, 52, 25, 34, 'C'),
(675, 52, 25, 35, 'C'),
(676, 52, 25, 36, 'C'),
(677, 52, 25, 37, 'C'),
(678, 52, 25, 38, 'C'),
(679, 52, 25, 39, 'C'),
(680, 52, 25, 40, 'C'),
(681, 53, 26, 1, 'C'),
(682, 53, 26, 2, 'C'),
(683, 53, 26, 3, 'C'),
(684, 53, 26, 4, 'C'),
(685, 53, 26, 5, 'C'),
(686, 53, 26, 6, 'C'),
(687, 53, 26, 7, 'C'),
(688, 53, 26, 8, 'C'),
(689, 53, 26, 9, 'A'),
(690, 53, 26, 10, 'B'),
(691, 53, 26, 11, 'D'),
(692, 53, 26, 12, 'C'),
(693, 53, 26, 13, 'C'),
(694, 53, 26, 14, 'C'),
(695, 53, 26, 15, 'C'),
(696, 53, 26, 16, 'C'),
(697, 53, 26, 17, 'C'),
(698, 53, 26, 18, 'C'),
(699, 53, 26, 19, 'C'),
(700, 53, 26, 20, 'C'),
(701, 53, 26, 21, 'C'),
(702, 53, 26, 22, 'C'),
(703, 53, 26, 23, 'C'),
(704, 53, 26, 24, 'C'),
(705, 53, 26, 25, 'C'),
(706, 53, 26, 26, 'C'),
(707, 53, 26, 27, 'C'),
(708, 53, 26, 28, 'C'),
(709, 53, 26, 29, 'C'),
(710, 53, 26, 30, 'D'),
(711, 53, 26, 31, 'B'),
(712, 53, 26, 32, 'A'),
(713, 53, 26, 33, 'C'),
(714, 53, 26, 34, 'C'),
(715, 53, 26, 35, 'C'),
(716, 53, 26, 36, 'C'),
(717, 53, 26, 37, 'C'),
(718, 53, 26, 38, 'C'),
(719, 53, 26, 39, 'C'),
(720, 53, 26, 40, 'C'),
(721, 54, 27, 1, 'C'),
(722, 54, 27, 2, 'C'),
(723, 54, 27, 3, 'C'),
(724, 54, 27, 4, 'C'),
(725, 54, 27, 5, 'C'),
(726, 54, 27, 6, 'C'),
(727, 54, 27, 7, 'C'),
(728, 54, 27, 8, 'C'),
(729, 54, 27, 9, 'C'),
(730, 54, 27, 10, 'C'),
(731, 54, 27, 11, 'A'),
(732, 54, 27, 12, 'A'),
(733, 54, 27, 13, 'A'),
(734, 54, 27, 14, 'A'),
(735, 54, 27, 15, 'A'),
(736, 54, 27, 16, 'A'),
(737, 54, 27, 17, 'A'),
(738, 54, 27, 18, 'C'),
(739, 54, 27, 19, 'C'),
(740, 54, 27, 20, 'C'),
(741, 54, 27, 21, 'C'),
(742, 54, 27, 22, 'C'),
(743, 54, 27, 23, 'C'),
(744, 54, 27, 24, 'C'),
(745, 54, 27, 25, 'A'),
(746, 54, 27, 26, 'B'),
(747, 54, 27, 27, 'D'),
(748, 54, 27, 28, 'C'),
(749, 54, 27, 29, 'C'),
(750, 54, 27, 30, 'C'),
(751, 54, 27, 31, 'C'),
(752, 54, 27, 32, 'C'),
(753, 54, 27, 33, 'C'),
(754, 54, 27, 34, 'C'),
(755, 54, 27, 35, 'C'),
(756, 54, 27, 36, 'C'),
(757, 54, 27, 37, 'C'),
(758, 54, 27, 38, 'C'),
(759, 54, 27, 39, 'C'),
(760, 54, 27, 40, 'C'),
(761, 55, 28, 1, 'A'),
(762, 55, 28, 2, 'A'),
(763, 55, 28, 3, 'D'),
(764, 55, 28, 4, 'A'),
(765, 55, 28, 5, 'A'),
(766, 55, 28, 6, 'A'),
(767, 55, 28, 7, 'A'),
(768, 55, 28, 8, 'A'),
(769, 55, 28, 9, 'A'),
(770, 55, 28, 10, 'A'),
(771, 55, 28, 11, 'A'),
(772, 55, 28, 12, 'D'),
(773, 55, 28, 13, 'A'),
(774, 55, 28, 14, 'A'),
(775, 55, 28, 15, 'A'),
(776, 55, 28, 16, 'A'),
(777, 55, 28, 17, 'A'),
(778, 55, 28, 18, 'A'),
(779, 55, 28, 19, 'A'),
(780, 55, 28, 20, 'A'),
(781, 55, 28, 21, 'A'),
(782, 55, 28, 22, 'A'),
(783, 55, 28, 23, 'A'),
(784, 55, 28, 24, 'A'),
(785, 55, 28, 25, 'A'),
(786, 55, 28, 26, 'A'),
(787, 55, 28, 27, 'A'),
(788, 55, 28, 28, 'A'),
(789, 55, 28, 29, 'A'),
(790, 55, 28, 30, 'A'),
(791, 55, 28, 31, 'B'),
(792, 55, 28, 32, 'B'),
(793, 55, 28, 33, 'C'),
(794, 55, 28, 34, 'D'),
(795, 55, 28, 35, 'A'),
(796, 55, 28, 36, 'A'),
(797, 55, 28, 37, 'A'),
(798, 55, 28, 38, 'A'),
(799, 55, 28, 39, 'A'),
(800, 55, 28, 40, 'A'),
(801, 56, 29, 1, 'D'),
(802, 56, 29, 2, 'D'),
(803, 56, 29, 3, 'D'),
(804, 56, 29, 4, 'D'),
(805, 56, 29, 5, 'D'),
(806, 56, 29, 6, 'D'),
(807, 56, 29, 7, 'D'),
(808, 56, 29, 8, 'D'),
(809, 56, 29, 9, 'D'),
(810, 56, 29, 10, 'D'),
(811, 56, 29, 11, 'A'),
(812, 56, 29, 12, 'B'),
(813, 56, 29, 13, 'C'),
(814, 56, 29, 14, 'D'),
(815, 56, 29, 15, 'D'),
(816, 56, 29, 16, 'D'),
(817, 56, 29, 17, 'D'),
(818, 56, 29, 18, 'D'),
(819, 56, 29, 19, 'D'),
(820, 56, 29, 20, 'D'),
(821, 56, 29, 21, 'D'),
(822, 56, 29, 22, 'D'),
(823, 56, 29, 23, 'D'),
(824, 56, 29, 24, 'D'),
(825, 56, 29, 25, 'D'),
(826, 56, 29, 26, 'D'),
(827, 56, 29, 27, 'D'),
(828, 56, 29, 28, 'D'),
(829, 56, 29, 29, 'D'),
(830, 56, 29, 30, 'D'),
(831, 56, 29, 31, 'D'),
(832, 56, 29, 32, 'D'),
(833, 56, 29, 33, 'D'),
(834, 56, 29, 34, 'D'),
(835, 56, 29, 35, 'D'),
(836, 56, 29, 36, 'D'),
(837, 56, 29, 37, 'D'),
(838, 56, 29, 38, 'D'),
(839, 56, 29, 39, 'D'),
(840, 56, 29, 40, 'D'),
(841, 57, 30, 1, 'D'),
(842, 57, 30, 2, 'D'),
(843, 57, 30, 3, 'D'),
(844, 57, 30, 4, 'D'),
(845, 57, 30, 5, 'D'),
(846, 57, 30, 6, 'D'),
(847, 57, 30, 7, 'D'),
(848, 57, 30, 8, 'D'),
(849, 57, 30, 9, 'D'),
(850, 57, 30, 10, 'D'),
(851, 57, 30, 11, 'D'),
(852, 57, 30, 12, 'A'),
(853, 57, 30, 13, 'B'),
(854, 57, 30, 14, 'C'),
(855, 57, 30, 15, 'C'),
(856, 57, 30, 16, 'B'),
(857, 57, 30, 17, 'A'),
(858, 57, 30, 18, 'D'),
(859, 57, 30, 19, 'D'),
(860, 57, 30, 20, 'D'),
(861, 57, 30, 21, 'D'),
(862, 57, 30, 22, 'D'),
(863, 57, 30, 23, 'D'),
(864, 57, 30, 24, 'D'),
(865, 57, 30, 25, 'D'),
(866, 57, 30, 26, 'D'),
(867, 57, 30, 27, 'D'),
(868, 57, 30, 28, 'D'),
(869, 57, 30, 29, 'D'),
(870, 57, 30, 30, 'D'),
(871, 57, 30, 31, 'D'),
(872, 57, 30, 32, 'D'),
(873, 57, 30, 33, 'D'),
(874, 57, 30, 34, 'D'),
(875, 57, 30, 35, 'D'),
(876, 57, 30, 36, 'D'),
(877, 57, 30, 37, 'D'),
(878, 57, 30, 38, 'D'),
(879, 57, 30, 39, 'D'),
(880, 57, 30, 40, 'D'),
(881, 58, 31, 1, 'C'),
(882, 58, 31, 2, 'B'),
(883, 58, 31, 3, 'B'),
(884, 58, 31, 4, 'B'),
(885, 58, 31, 5, 'B'),
(886, 58, 31, 6, 'A'),
(887, 58, 31, 7, 'A'),
(888, 58, 31, 8, 'A'),
(889, 58, 31, 9, 'A'),
(890, 58, 31, 10, 'A'),
(891, 58, 31, 11, 'C'),
(892, 58, 31, 12, 'B'),
(893, 58, 31, 13, 'D'),
(894, 58, 31, 14, 'C'),
(895, 58, 31, 15, 'D'),
(896, 58, 31, 16, 'D'),
(897, 58, 31, 17, 'A'),
(898, 58, 31, 18, 'D'),
(899, 58, 31, 19, 'B'),
(900, 58, 31, 20, 'C'),
(901, 58, 31, 21, 'A'),
(902, 58, 31, 22, 'C'),
(903, 58, 31, 23, 'A'),
(904, 58, 31, 24, 'B'),
(905, 58, 31, 25, 'B'),
(906, 58, 31, 26, 'A'),
(907, 58, 31, 27, 'C'),
(908, 58, 31, 28, 'B'),
(909, 58, 31, 29, 'A'),
(910, 58, 31, 30, 'A'),
(911, 58, 31, 31, 'C'),
(912, 58, 31, 32, 'C'),
(913, 58, 31, 33, 'D'),
(914, 58, 31, 34, 'A'),
(915, 58, 31, 35, 'C'),
(916, 58, 31, 36, 'C'),
(917, 58, 31, 37, 'C'),
(918, 58, 31, 38, 'B'),
(919, 58, 31, 39, 'C'),
(920, 58, 31, 40, 'B'),
(921, 59, 32, 1, 'A'),
(922, 59, 32, 2, 'A'),
(923, 59, 32, 3, 'D'),
(924, 59, 32, 4, 'B'),
(925, 59, 32, 5, 'D'),
(926, 59, 32, 6, 'A'),
(927, 59, 32, 7, 'A'),
(928, 59, 32, 8, 'B'),
(929, 59, 32, 9, 'B'),
(930, 59, 32, 10, 'C'),
(931, 59, 32, 11, 'B'),
(932, 59, 32, 12, 'B'),
(933, 59, 32, 13, 'A'),
(934, 59, 32, 14, 'B'),
(935, 59, 32, 15, 'C'),
(936, 59, 32, 16, 'B'),
(937, 59, 32, 17, 'B'),
(938, 59, 32, 18, 'C'),
(939, 59, 32, 19, 'B'),
(940, 59, 32, 20, 'B'),
(941, 59, 32, 21, 'B'),
(942, 59, 32, 22, 'C'),
(943, 59, 32, 23, 'C'),
(944, 59, 32, 24, 'C'),
(945, 59, 32, 25, 'B'),
(946, 59, 32, 26, 'B'),
(947, 59, 32, 27, 'B'),
(948, 59, 32, 28, 'A'),
(949, 59, 32, 29, 'A'),
(950, 59, 32, 30, 'A'),
(951, 59, 32, 31, 'D'),
(952, 59, 32, 32, 'B'),
(953, 59, 32, 33, 'C'),
(954, 59, 32, 34, 'C'),
(955, 59, 32, 35, 'C'),
(956, 59, 32, 36, 'B'),
(957, 59, 32, 37, 'C'),
(958, 59, 32, 38, 'B'),
(959, 59, 32, 39, 'B'),
(960, 59, 32, 40, 'A'),
(961, 60, 33, 1, 'B'),
(962, 60, 33, 2, 'B'),
(963, 60, 33, 3, 'A'),
(964, 60, 33, 4, 'B'),
(965, 60, 33, 5, 'A'),
(966, 60, 33, 6, 'D'),
(967, 60, 33, 7, 'B'),
(968, 60, 33, 8, 'C'),
(969, 60, 33, 9, 'C'),
(970, 60, 33, 10, 'B'),
(971, 60, 33, 11, 'B'),
(972, 60, 33, 12, 'A'),
(973, 60, 33, 13, 'B'),
(974, 60, 33, 14, 'D'),
(975, 60, 33, 15, 'C'),
(976, 60, 33, 16, 'A'),
(977, 60, 33, 17, 'B'),
(978, 60, 33, 18, 'A'),
(979, 60, 33, 19, 'A'),
(980, 60, 33, 20, 'B'),
(981, 60, 33, 21, 'C'),
(982, 60, 33, 22, 'C'),
(983, 60, 33, 23, 'B'),
(984, 60, 33, 24, 'A'),
(985, 60, 33, 25, 'D'),
(986, 60, 33, 26, 'B'),
(987, 60, 33, 27, 'D'),
(988, 60, 33, 28, 'B'),
(989, 60, 33, 29, 'C'),
(990, 60, 33, 30, 'D'),
(991, 60, 33, 31, 'A'),
(992, 60, 33, 32, 'B'),
(993, 60, 33, 33, 'A'),
(994, 60, 33, 34, 'C'),
(995, 60, 33, 35, 'C'),
(996, 60, 33, 36, 'C'),
(997, 60, 33, 37, 'C'),
(998, 60, 33, 38, 'B'),
(999, 60, 33, 39, 'B'),
(1000, 60, 33, 40, 'A'),
(1001, 61, 34, 1, 'C'),
(1002, 61, 34, 2, 'B'),
(1003, 61, 34, 3, 'B'),
(1004, 61, 34, 4, 'B'),
(1005, 61, 34, 5, 'B'),
(1006, 61, 34, 6, 'B'),
(1007, 61, 34, 7, 'C'),
(1008, 61, 34, 8, 'A'),
(1009, 61, 34, 9, 'B'),
(1010, 61, 34, 10, 'A'),
(1011, 61, 34, 11, 'A'),
(1012, 61, 34, 12, 'B'),
(1013, 61, 34, 13, 'C'),
(1014, 61, 34, 14, 'B'),
(1015, 61, 34, 15, 'C'),
(1016, 61, 34, 16, 'C'),
(1017, 61, 34, 17, 'B'),
(1018, 61, 34, 18, 'A'),
(1019, 61, 34, 19, 'A'),
(1020, 61, 34, 20, 'C'),
(1021, 61, 34, 21, 'B'),
(1022, 61, 34, 22, 'B'),
(1023, 61, 34, 23, 'B'),
(1024, 61, 34, 24, 'B'),
(1025, 61, 34, 25, 'B'),
(1026, 61, 34, 26, 'A'),
(1027, 61, 34, 27, 'D'),
(1028, 61, 34, 28, 'D'),
(1029, 61, 34, 29, 'A'),
(1030, 61, 34, 30, 'A'),
(1031, 61, 34, 31, 'C'),
(1032, 61, 34, 32, 'A'),
(1033, 61, 34, 33, 'B'),
(1034, 61, 34, 34, 'B'),
(1035, 61, 34, 35, 'B'),
(1036, 61, 34, 36, 'C'),
(1037, 61, 34, 37, 'C'),
(1038, 61, 34, 38, 'B'),
(1039, 61, 34, 39, 'B'),
(1040, 61, 34, 40, 'B'),
(1041, 62, 35, 1, 'D'),
(1042, 62, 35, 2, 'B'),
(1043, 62, 35, 3, 'A'),
(1044, 62, 35, 4, 'C'),
(1045, 62, 35, 5, 'B'),
(1046, 62, 35, 6, 'C'),
(1047, 62, 35, 7, 'C'),
(1048, 62, 35, 8, 'D'),
(1049, 62, 35, 9, 'C'),
(1050, 62, 35, 10, 'C'),
(1051, 62, 35, 11, 'D'),
(1052, 62, 35, 12, 'A'),
(1053, 62, 35, 13, 'D'),
(1054, 62, 35, 14, 'D'),
(1055, 62, 35, 15, 'D'),
(1056, 62, 35, 16, 'D'),
(1057, 62, 35, 17, 'C'),
(1058, 62, 35, 18, 'C'),
(1059, 62, 35, 19, 'B'),
(1060, 62, 35, 20, 'C'),
(1061, 62, 35, 21, 'D'),
(1062, 62, 35, 22, 'D'),
(1063, 62, 35, 23, 'D'),
(1064, 62, 35, 24, 'A'),
(1065, 62, 35, 25, 'C'),
(1066, 62, 35, 26, 'D'),
(1067, 62, 35, 27, 'D'),
(1068, 62, 35, 28, 'A'),
(1069, 62, 35, 29, 'A'),
(1070, 62, 35, 30, 'D'),
(1071, 62, 35, 31, 'A'),
(1072, 62, 35, 32, 'A'),
(1073, 62, 35, 33, 'A'),
(1074, 62, 35, 34, 'D'),
(1075, 62, 35, 35, 'A'),
(1076, 62, 35, 36, 'A'),
(1077, 62, 35, 37, 'D'),
(1078, 62, 35, 38, 'A'),
(1079, 62, 35, 39, 'B'),
(1080, 62, 35, 40, 'A'),
(1081, 63, 36, 1, 'B'),
(1082, 63, 36, 2, 'D'),
(1083, 63, 36, 3, 'A'),
(1084, 63, 36, 4, 'D'),
(1085, 63, 36, 5, 'C'),
(1086, 63, 36, 6, 'D'),
(1087, 63, 36, 7, 'B'),
(1088, 63, 36, 8, 'B'),
(1089, 63, 36, 9, 'C'),
(1090, 63, 36, 10, 'C'),
(1091, 63, 36, 11, 'B'),
(1092, 63, 36, 12, 'D'),
(1093, 63, 36, 13, 'A'),
(1094, 63, 36, 14, 'A'),
(1095, 63, 36, 15, 'C'),
(1096, 63, 36, 16, 'A'),
(1097, 63, 36, 17, 'C'),
(1098, 63, 36, 18, 'B'),
(1099, 63, 36, 19, 'A'),
(1100, 63, 36, 20, 'B'),
(1101, 63, 36, 21, 'B'),
(1102, 63, 36, 22, 'C'),
(1103, 63, 36, 23, 'C'),
(1104, 63, 36, 24, 'A'),
(1105, 63, 36, 25, 'B'),
(1106, 63, 36, 26, 'C'),
(1107, 63, 36, 27, 'B'),
(1108, 63, 36, 28, 'D'),
(1109, 63, 36, 29, 'C'),
(1110, 63, 36, 30, 'C'),
(1111, 63, 36, 31, 'D'),
(1112, 63, 36, 32, 'D'),
(1113, 63, 36, 33, 'A'),
(1114, 63, 36, 34, 'A'),
(1115, 63, 36, 35, 'D'),
(1116, 63, 36, 36, 'C'),
(1117, 63, 36, 37, 'A'),
(1118, 63, 36, 38, 'C'),
(1119, 63, 36, 39, 'B'),
(1120, 63, 36, 40, 'B'),
(1121, 64, 37, 1, 'B'),
(1122, 64, 37, 2, 'A'),
(1123, 64, 37, 3, 'D'),
(1124, 64, 37, 4, 'A'),
(1125, 64, 37, 5, 'C'),
(1126, 64, 37, 6, 'B'),
(1127, 64, 37, 7, 'B'),
(1128, 64, 37, 8, 'B'),
(1129, 64, 37, 9, 'B'),
(1130, 64, 37, 10, 'D'),
(1131, 64, 37, 11, 'D'),
(1132, 64, 37, 12, 'C'),
(1133, 64, 37, 13, 'C'),
(1134, 64, 37, 14, 'C'),
(1135, 64, 37, 15, 'B'),
(1136, 64, 37, 16, 'A'),
(1137, 64, 37, 17, 'A'),
(1138, 64, 37, 18, 'C'),
(1139, 64, 37, 19, 'B'),
(1140, 64, 37, 20, 'D'),
(1141, 64, 37, 21, 'A'),
(1142, 64, 37, 22, 'D'),
(1143, 64, 37, 23, 'C'),
(1144, 64, 37, 24, 'B'),
(1145, 64, 37, 25, 'B'),
(1146, 64, 37, 26, 'C'),
(1147, 64, 37, 27, 'D'),
(1148, 64, 37, 28, 'A'),
(1149, 64, 37, 29, 'B'),
(1150, 64, 37, 30, 'C'),
(1151, 64, 37, 31, 'A'),
(1152, 64, 37, 32, 'A'),
(1153, 64, 37, 33, 'C'),
(1154, 64, 37, 34, 'B'),
(1155, 64, 37, 35, 'B'),
(1156, 64, 37, 36, 'A'),
(1157, 64, 37, 37, 'C'),
(1158, 64, 37, 38, 'C'),
(1159, 64, 37, 39, 'A'),
(1160, 64, 37, 40, 'B'),
(1161, 65, 38, 1, 'B'),
(1162, 65, 38, 2, 'D'),
(1163, 65, 38, 3, 'D'),
(1164, 65, 38, 4, 'A'),
(1165, 65, 38, 5, 'C'),
(1166, 65, 38, 6, 'D'),
(1167, 65, 38, 7, 'B'),
(1168, 65, 38, 8, 'B'),
(1169, 65, 38, 9, 'B'),
(1170, 65, 38, 10, 'B'),
(1171, 65, 38, 11, 'C'),
(1172, 65, 38, 12, 'C'),
(1173, 65, 38, 13, 'A'),
(1174, 65, 38, 14, 'B'),
(1175, 65, 38, 15, 'A'),
(1176, 65, 38, 16, 'D'),
(1177, 65, 38, 17, 'B'),
(1178, 65, 38, 18, 'A'),
(1179, 65, 38, 19, 'A'),
(1180, 65, 38, 20, 'B'),
(1181, 65, 38, 21, 'A'),
(1182, 65, 38, 22, 'A'),
(1183, 65, 38, 23, 'A'),
(1184, 65, 38, 24, 'D'),
(1185, 65, 38, 25, 'A'),
(1186, 65, 38, 26, 'A'),
(1187, 65, 38, 27, 'A'),
(1188, 65, 38, 28, 'A'),
(1189, 65, 38, 29, 'A'),
(1190, 65, 38, 30, 'A'),
(1191, 65, 38, 31, 'A'),
(1192, 65, 38, 32, 'A'),
(1193, 65, 38, 33, 'A'),
(1194, 65, 38, 34, 'A'),
(1195, 65, 38, 35, 'A'),
(1196, 65, 38, 36, 'A'),
(1197, 65, 38, 37, 'B'),
(1198, 65, 38, 38, 'A'),
(1199, 65, 38, 39, 'B'),
(1200, 65, 38, 40, 'A'),
(1201, 66, 39, 1, 'A'),
(1202, 66, 39, 2, 'A'),
(1203, 66, 39, 3, 'B'),
(1204, 66, 39, 4, 'C'),
(1205, 66, 39, 5, 'B'),
(1206, 66, 39, 6, 'A'),
(1207, 66, 39, 7, 'D'),
(1208, 66, 39, 8, 'A'),
(1209, 66, 39, 9, 'A'),
(1210, 66, 39, 10, 'C'),
(1211, 66, 39, 11, 'C'),
(1212, 66, 39, 12, 'C'),
(1213, 66, 39, 13, 'C'),
(1214, 66, 39, 14, 'B'),
(1215, 66, 39, 15, 'B'),
(1216, 66, 39, 16, 'C'),
(1217, 66, 39, 17, 'B'),
(1218, 66, 39, 18, 'D'),
(1219, 66, 39, 19, 'B'),
(1220, 66, 39, 20, 'D'),
(1221, 66, 39, 21, 'C'),
(1222, 66, 39, 22, 'B'),
(1223, 66, 39, 23, 'A'),
(1224, 66, 39, 24, 'B'),
(1225, 66, 39, 25, 'C'),
(1226, 66, 39, 26, 'A'),
(1227, 66, 39, 27, 'D'),
(1228, 66, 39, 28, 'B'),
(1229, 66, 39, 29, 'A'),
(1230, 66, 39, 30, 'A'),
(1231, 66, 39, 31, 'A'),
(1232, 66, 39, 32, 'B'),
(1233, 66, 39, 33, 'B'),
(1234, 66, 39, 34, 'C'),
(1235, 66, 39, 35, 'C'),
(1236, 66, 39, 36, 'C'),
(1237, 66, 39, 37, 'C'),
(1238, 66, 39, 38, 'D'),
(1239, 66, 39, 39, 'B'),
(1240, 66, 39, 40, 'B'),
(1241, 69, 42, 1, 'A'),
(1242, 69, 42, 2, 'B'),
(1243, 69, 42, 3, 'C'),
(1244, 69, 42, 4, 'D'),
(1245, 69, 42, 5, 'B'),
(1246, 69, 42, 6, 'C'),
(1247, 69, 42, 7, 'B'),
(1248, 69, 42, 8, 'C'),
(1249, 69, 42, 9, 'B'),
(1250, 69, 42, 10, 'C'),
(1251, 69, 42, 11, 'B'),
(1252, 69, 42, 12, 'D'),
(1253, 69, 42, 13, 'A'),
(1254, 69, 42, 14, 'A'),
(1255, 69, 42, 15, 'A'),
(1256, 69, 42, 16, 'A'),
(1257, 69, 42, 17, 'A'),
(1258, 69, 42, 18, 'D'),
(1259, 69, 42, 19, 'D'),
(1260, 69, 42, 20, 'D'),
(1261, 69, 42, 21, 'B'),
(1262, 69, 42, 22, 'C'),
(1263, 69, 42, 23, 'A'),
(1264, 69, 42, 24, 'C'),
(1265, 69, 42, 25, 'D'),
(1266, 69, 42, 26, 'A'),
(1267, 69, 42, 27, 'C'),
(1268, 69, 42, 28, 'C'),
(1269, 69, 42, 29, 'D'),
(1270, 69, 42, 30, 'D'),
(1271, 69, 42, 31, 'C'),
(1272, 69, 42, 32, 'C'),
(1273, 69, 42, 33, 'C'),
(1274, 69, 42, 34, 'C'),
(1275, 69, 42, 35, 'D'),
(1276, 69, 42, 36, 'D'),
(1277, 69, 42, 37, 'B'),
(1278, 69, 42, 38, 'D'),
(1279, 69, 42, 39, 'C'),
(1280, 69, 42, 40, 'A'),
(1281, 70, 43, 1, 'C'),
(1282, 70, 43, 2, 'D'),
(1283, 70, 43, 3, 'C'),
(1284, 70, 43, 4, 'C'),
(1285, 70, 43, 5, 'C'),
(1286, 70, 43, 6, 'C'),
(1287, 70, 43, 7, 'A'),
(1288, 70, 43, 8, 'B'),
(1289, 70, 43, 9, 'D'),
(1290, 70, 43, 10, 'C'),
(1291, 70, 43, 11, 'C'),
(1292, 70, 43, 12, 'C'),
(1293, 70, 43, 13, 'C'),
(1294, 70, 43, 14, 'C'),
(1295, 70, 43, 15, 'C'),
(1296, 70, 43, 16, 'C'),
(1297, 70, 43, 17, 'D'),
(1298, 70, 43, 18, 'C'),
(1299, 70, 43, 19, 'A'),
(1300, 70, 43, 20, 'B'),
(1301, 70, 43, 21, 'C'),
(1302, 70, 43, 22, 'C'),
(1303, 70, 43, 23, 'C'),
(1304, 70, 43, 24, 'C'),
(1305, 70, 43, 25, 'C'),
(1306, 70, 43, 26, 'C'),
(1307, 70, 43, 27, 'C'),
(1308, 70, 43, 28, 'C'),
(1309, 70, 43, 29, 'C'),
(1310, 70, 43, 30, 'C'),
(1311, 70, 43, 31, 'C'),
(1312, 70, 43, 32, 'C'),
(1313, 70, 43, 33, 'C'),
(1314, 70, 43, 34, 'C'),
(1315, 70, 43, 35, 'C'),
(1316, 70, 43, 36, 'C'),
(1317, 70, 43, 37, 'D'),
(1318, 70, 43, 38, 'A'),
(1319, 70, 43, 39, 'B'),
(1320, 70, 43, 40, 'C'),
(1321, 71, 44, 1, 'A'),
(1322, 71, 44, 2, 'A'),
(1323, 71, 44, 3, 'B'),
(1324, 71, 44, 4, 'C'),
(1325, 71, 44, 5, 'D'),
(1326, 71, 44, 6, 'A'),
(1327, 71, 44, 7, 'A'),
(1328, 71, 44, 8, 'A'),
(1329, 71, 44, 9, 'A'),
(1330, 71, 44, 10, 'A'),
(1331, 71, 44, 11, 'D'),
(1332, 71, 44, 12, 'C'),
(1333, 71, 44, 13, 'B'),
(1334, 71, 44, 14, 'A'),
(1335, 71, 44, 15, 'A'),
(1336, 71, 44, 16, 'A'),
(1337, 71, 44, 17, 'A'),
(1338, 71, 44, 18, 'A'),
(1339, 71, 44, 19, 'B'),
(1340, 71, 44, 20, 'C'),
(1341, 71, 44, 21, 'D'),
(1342, 71, 44, 22, 'A'),
(1343, 71, 44, 23, 'C'),
(1344, 71, 44, 24, 'B'),
(1345, 71, 44, 25, 'D'),
(1346, 71, 44, 26, 'A'),
(1347, 71, 44, 27, 'A'),
(1348, 71, 44, 28, 'A'),
(1349, 71, 44, 29, 'A'),
(1350, 71, 44, 30, 'A'),
(1351, 71, 44, 31, 'A'),
(1352, 71, 44, 32, 'A'),
(1353, 71, 44, 33, 'B'),
(1354, 71, 44, 34, 'C'),
(1355, 71, 44, 35, 'B'),
(1356, 71, 44, 36, 'C'),
(1357, 71, 44, 37, 'A'),
(1358, 71, 44, 38, 'A'),
(1359, 71, 44, 39, 'D'),
(1360, 71, 44, 40, 'A'),
(1361, 72, 45, 1, 'B'),
(1362, 72, 45, 2, 'B'),
(1363, 72, 45, 3, 'A'),
(1364, 72, 45, 4, 'C'),
(1365, 72, 45, 5, 'D'),
(1366, 72, 45, 6, 'B'),
(1367, 72, 45, 7, 'B'),
(1368, 72, 45, 8, 'B'),
(1369, 72, 45, 9, 'B'),
(1370, 72, 45, 10, 'B'),
(1371, 72, 45, 11, 'D'),
(1372, 72, 45, 12, 'B'),
(1373, 72, 45, 13, 'A'),
(1374, 72, 45, 14, 'C'),
(1375, 72, 45, 15, 'B'),
(1376, 72, 45, 16, 'B'),
(1377, 72, 45, 17, 'B'),
(1378, 72, 45, 18, 'B'),
(1379, 72, 45, 19, 'B'),
(1380, 72, 45, 20, 'A'),
(1381, 72, 45, 21, 'D'),
(1382, 72, 45, 22, 'B'),
(1383, 72, 45, 23, 'B'),
(1384, 72, 45, 24, 'B'),
(1385, 72, 45, 25, 'A'),
(1386, 72, 45, 26, 'C'),
(1387, 72, 45, 27, 'D'),
(1388, 72, 45, 28, 'B'),
(1389, 72, 45, 29, 'B'),
(1390, 72, 45, 30, 'A'),
(1391, 72, 45, 31, 'C'),
(1392, 72, 45, 32, 'A'),
(1393, 72, 45, 33, 'D'),
(1394, 72, 45, 34, 'B'),
(1395, 72, 45, 35, 'B'),
(1396, 72, 45, 36, 'B'),
(1397, 72, 45, 37, 'A'),
(1398, 72, 45, 38, 'C'),
(1399, 72, 45, 39, 'D'),
(1400, 72, 45, 40, 'B');

-- --------------------------------------------------------

--
-- Struktur dari tabel `jawaban_kuisioner_c45`
--

CREATE TABLE `jawaban_kuisioner_c45` (
  `id` int(11) NOT NULL,
  `id_user` int(11) NOT NULL DEFAULT 0,
  `id_siswa` int(11) NOT NULL DEFAULT 0,
  `id_soal` int(11) NOT NULL DEFAULT 0,
  `jawaban` varchar(20) NOT NULL DEFAULT ''
) ENGINE=InnoDB DEFAULT CHARSET=latin1;

--
-- Dumping data untuk tabel `jawaban_kuisioner_c45`
--

INSERT INTO `jawaban_kuisioner_c45` (`id`, `id_user`, `id_siswa`, `id_soal`, `jawaban`) VALUES
(1, 2, 1, 1, 'A'),
(2, 2, 1, 2, 'A'),
(3, 2, 1, 3, 'D'),
(4, 2, 1, 4, 'B'),
(5, 2, 1, 5, 'B'),
(6, 2, 1, 6, 'D'),
(7, 2, 1, 7, 'B'),
(8, 2, 1, 8, 'D'),
(9, 2, 1, 9, 'C'),
(10, 2, 1, 10, 'D'),
(11, 2, 1, 11, 'B'),
(12, 2, 1, 12, 'C'),
(13, 2, 1, 13, 'D'),
(14, 2, 1, 14, 'A'),
(15, 2, 1, 15, 'D'),
(16, 2, 1, 16, 'B'),
(17, 2, 1, 17, 'D'),
(18, 2, 1, 18, 'B'),
(19, 2, 1, 19, 'B'),
(20, 2, 1, 20, 'B'),
(21, 2, 1, 21, 'D'),
(22, 2, 1, 22, 'D'),
(23, 2, 1, 23, 'D'),
(24, 2, 1, 24, 'D'),
(25, 2, 1, 25, 'D'),
(26, 2, 1, 26, 'D'),
(27, 2, 1, 27, 'D'),
(28, 2, 1, 28, 'C'),
(29, 2, 1, 29, 'A'),
(30, 2, 1, 30, 'D'),
(31, 2, 1, 31, 'B'),
(32, 2, 1, 32, 'D'),
(33, 2, 1, 33, 'C'),
(34, 2, 1, 34, 'D'),
(35, 2, 1, 35, 'B'),
(36, 2, 1, 36, 'D'),
(37, 2, 1, 37, 'D'),
(38, 2, 1, 38, 'D'),
(39, 2, 1, 39, 'C'),
(40, 2, 1, 40, 'D'),
(41, 26, 8, 1, 'A'),
(42, 26, 8, 2, 'A'),
(43, 26, 8, 3, 'C'),
(44, 26, 8, 4, 'A'),
(45, 26, 8, 5, 'C'),
(46, 26, 8, 6, 'B'),
(47, 26, 8, 7, 'D'),
(48, 26, 8, 8, 'D'),
(49, 26, 8, 9, 'A'),
(50, 26, 8, 10, 'C'),
(51, 26, 8, 11, 'C'),
(52, 26, 8, 12, 'B'),
(53, 26, 8, 13, 'A'),
(54, 26, 8, 14, 'B'),
(55, 26, 8, 15, 'A'),
(56, 26, 8, 16, 'D'),
(57, 26, 8, 17, 'D'),
(58, 26, 8, 18, 'D'),
(59, 26, 8, 19, 'C'),
(60, 26, 8, 20, 'A'),
(61, 26, 8, 21, 'D'),
(62, 26, 8, 22, 'C'),
(63, 26, 8, 23, 'C'),
(64, 26, 8, 24, 'D'),
(65, 26, 8, 25, 'C'),
(66, 26, 8, 26, 'C'),
(67, 26, 8, 27, 'B'),
(68, 26, 8, 28, 'C'),
(69, 26, 8, 29, 'B'),
(70, 26, 8, 30, 'B'),
(71, 26, 8, 31, 'D'),
(72, 26, 8, 32, 'A'),
(73, 26, 8, 33, 'A'),
(74, 26, 8, 34, 'B'),
(75, 26, 8, 35, 'B'),
(76, 26, 8, 36, 'B'),
(77, 26, 8, 37, 'B'),
(78, 26, 8, 38, 'B'),
(79, 26, 8, 39, 'C'),
(80, 26, 8, 40, 'B'),
(81, 44, 17, 1, 'A'),
(82, 44, 17, 2, 'A'),
(83, 44, 17, 3, 'B'),
(84, 44, 17, 4, 'D'),
(85, 44, 17, 5, 'A'),
(86, 44, 17, 6, 'A'),
(87, 44, 17, 7, 'B'),
(88, 44, 17, 8, 'D'),
(89, 44, 17, 9, 'C'),
(90, 44, 17, 10, 'D'),
(91, 44, 17, 11, 'A'),
(92, 44, 17, 12, 'C'),
(93, 44, 17, 13, 'D'),
(94, 44, 17, 14, 'D'),
(95, 44, 17, 15, 'A'),
(96, 44, 17, 16, 'A'),
(97, 44, 17, 17, 'B'),
(98, 44, 17, 18, 'B'),
(99, 44, 17, 19, 'A'),
(100, 44, 17, 20, 'D'),
(101, 44, 17, 21, 'A'),
(102, 44, 17, 22, 'B'),
(103, 44, 17, 23, 'B'),
(104, 44, 17, 24, 'D'),
(105, 44, 17, 25, 'A'),
(106, 44, 17, 26, 'C'),
(107, 44, 17, 27, 'C'),
(108, 44, 17, 28, 'C'),
(109, 44, 17, 29, 'C'),
(110, 44, 17, 30, 'A'),
(111, 44, 17, 31, 'A'),
(112, 44, 17, 32, 'C'),
(113, 44, 17, 33, 'D'),
(114, 44, 17, 34, 'D'),
(115, 44, 17, 35, 'C'),
(116, 44, 17, 36, 'D'),
(117, 44, 17, 37, 'A'),
(118, 44, 17, 38, 'A'),
(119, 44, 17, 39, 'D'),
(120, 44, 17, 40, 'B'),
(121, 43, 16, 1, 'A'),
(122, 43, 16, 2, 'A'),
(123, 43, 16, 3, 'C'),
(124, 43, 16, 4, 'C'),
(125, 43, 16, 5, 'D'),
(126, 43, 16, 6, 'A'),
(127, 43, 16, 7, 'B'),
(128, 43, 16, 8, 'A'),
(129, 43, 16, 9, 'D'),
(130, 43, 16, 10, 'D'),
(131, 43, 16, 11, 'D'),
(132, 43, 16, 12, 'B'),
(133, 43, 16, 13, 'A'),
(134, 43, 16, 14, 'A'),
(135, 43, 16, 15, 'A'),
(136, 43, 16, 16, 'A'),
(137, 43, 16, 17, 'A'),
(138, 43, 16, 18, 'A'),
(139, 43, 16, 19, 'B'),
(140, 43, 16, 20, 'C'),
(141, 43, 16, 21, 'B'),
(142, 43, 16, 22, 'C'),
(143, 43, 16, 23, 'B'),
(144, 43, 16, 24, 'B'),
(145, 43, 16, 25, 'C'),
(146, 43, 16, 26, 'A'),
(147, 43, 16, 27, 'A'),
(148, 43, 16, 28, 'A'),
(149, 43, 16, 29, 'B'),
(150, 43, 16, 30, 'D'),
(151, 43, 16, 31, 'A'),
(152, 43, 16, 32, 'A'),
(153, 43, 16, 33, 'A'),
(154, 43, 16, 34, 'B'),
(155, 43, 16, 35, 'A'),
(156, 43, 16, 36, 'A'),
(157, 43, 16, 37, 'A'),
(158, 43, 16, 38, 'A'),
(159, 43, 16, 39, 'A'),
(160, 43, 16, 40, 'A'),
(161, 46, 19, 1, 'A'),
(162, 46, 19, 2, 'A'),
(163, 46, 19, 3, 'B'),
(164, 46, 19, 4, 'C'),
(165, 46, 19, 5, 'D'),
(166, 46, 19, 6, 'A'),
(167, 46, 19, 7, 'A'),
(168, 46, 19, 8, 'C'),
(169, 46, 19, 9, 'C'),
(170, 46, 19, 10, 'C'),
(171, 46, 19, 11, 'B'),
(172, 46, 19, 12, 'B'),
(173, 46, 19, 13, 'C'),
(174, 46, 19, 14, 'C'),
(175, 46, 19, 15, 'D'),
(176, 46, 19, 16, 'B'),
(177, 46, 19, 17, 'D'),
(178, 46, 19, 18, 'A'),
(179, 46, 19, 19, 'D'),
(180, 46, 19, 20, 'A'),
(181, 46, 19, 21, 'B'),
(182, 46, 19, 22, 'D'),
(183, 46, 19, 23, 'B'),
(184, 46, 19, 24, 'C'),
(185, 46, 19, 25, 'B'),
(186, 46, 19, 26, 'C'),
(187, 46, 19, 27, 'C'),
(188, 46, 19, 28, 'B'),
(189, 46, 19, 29, 'D'),
(190, 46, 19, 30, 'D'),
(191, 46, 19, 31, 'A'),
(192, 46, 19, 32, 'D'),
(193, 46, 19, 33, 'C'),
(194, 46, 19, 34, 'A'),
(195, 46, 19, 35, 'C'),
(196, 46, 19, 36, 'C'),
(197, 46, 19, 37, 'C'),
(198, 46, 19, 38, 'A'),
(199, 46, 19, 39, 'D'),
(200, 46, 19, 40, 'B'),
(201, 48, 21, 1, 'A'),
(202, 48, 21, 2, 'A'),
(203, 48, 21, 3, 'A'),
(204, 48, 21, 4, 'A'),
(205, 48, 21, 5, 'A'),
(206, 48, 21, 6, 'A'),
(207, 48, 21, 7, 'A'),
(208, 48, 21, 8, 'A'),
(209, 48, 21, 9, 'A'),
(210, 48, 21, 10, 'A'),
(211, 48, 21, 11, 'A'),
(212, 48, 21, 12, 'A'),
(213, 48, 21, 13, 'A'),
(214, 48, 21, 14, 'A'),
(215, 48, 21, 15, 'A'),
(216, 48, 21, 16, 'A'),
(217, 48, 21, 17, 'A'),
(218, 48, 21, 18, 'A'),
(219, 48, 21, 19, 'A'),
(220, 48, 21, 20, 'A'),
(221, 48, 21, 21, 'A'),
(222, 48, 21, 22, 'A'),
(223, 48, 21, 23, 'A'),
(224, 48, 21, 24, 'A'),
(225, 48, 21, 25, 'A'),
(226, 48, 21, 26, 'A'),
(227, 48, 21, 27, 'A'),
(228, 48, 21, 28, 'A'),
(229, 48, 21, 29, 'A'),
(230, 48, 21, 30, 'A'),
(231, 48, 21, 31, 'A'),
(232, 48, 21, 32, 'A'),
(233, 48, 21, 33, 'A'),
(234, 48, 21, 34, 'A'),
(235, 48, 21, 35, 'A'),
(236, 48, 21, 36, 'A'),
(237, 48, 21, 37, 'A'),
(238, 48, 21, 38, 'A'),
(239, 48, 21, 39, 'A'),
(240, 48, 21, 40, 'A');

-- --------------------------------------------------------

--
-- Struktur dari tabel `rasio_gain`
--

CREATE TABLE `rasio_gain` (
  `id` int(11) NOT NULL,
  `opsi` varchar(10) DEFAULT NULL,
  `cabang1` varchar(50) DEFAULT NULL,
  `cabang2` varchar(50) DEFAULT NULL,
  `rasio_gain` double DEFAULT NULL
) ENGINE=InnoDB DEFAULT CHARSET=latin1;

--
-- Dumping data untuk tabel `rasio_gain`
--

INSERT INTO `rasio_gain` (`id`, `opsi`, `cabang1`, `cabang2`, `rasio_gain`) VALUES
(1, 'opsi1', '14', '13 , 15', 0.196),
(2, 'opsi2', '13', '15 , 14', 0.19),
(3, 'opsi3', '15', '14 , 13', 0.405);

-- --------------------------------------------------------

--
-- Struktur dari tabel `t_keputusan`
--

CREATE TABLE `t_keputusan` (
  `id` int(11) NOT NULL,
  `parent` text DEFAULT NULL,
  `akar` text DEFAULT NULL,
  `keputusan` varchar(100) DEFAULT NULL
) ENGINE=MyISAM DEFAULT CHARSET=latin1;

--
-- Dumping data untuk tabel `t_keputusan`
--

INSERT INTO `t_keputusan` (`id`, `parent`, `akar`, `keputusan`) VALUES
(1, '(jawaban_b<=10) AND (jawaban_a<=10)', '(jawaban_c<=10)', 'Plegmatis'),
(2, '(jawaban_b<=10) AND (jawaban_a<=10) AND (jawaban_c>10)', '(sekolah=\'Negeri\')', 'Melankolis'),
(3, '(jawaban_b<=10) AND (jawaban_a<=10) AND (jawaban_c>10) AND (sekolah=\'Swasta\')', '(jawaban_d<=10)', 'Melankolis'),
(4, '(jawaban_b<=10) AND (jawaban_a<=10) AND (jawaban_c>10) AND (sekolah=\'Swasta\')', '(jawaban_d>10)', 'Plegmatis'),
(5, '(jawaban_b<=10) AND (jawaban_a>10) AND (jawaban_a<=15) AND (jawaban_c<=10) AND (jenis_kelamin=\'L\')', '(jawaban_b<=5)', 'Sanguin'),
(6, '(jawaban_b<=10) AND (jawaban_a>10) AND (jawaban_a<=15) AND (jawaban_c<=10) AND (jenis_kelamin=\'L\') AND (jawaban_b>5)', '(jawaban_d<=10)', 'Sanguin'),
(7, '(jawaban_b<=10) AND (jawaban_a>10) AND (jawaban_a<=15) AND (jawaban_c<=10) AND (jenis_kelamin=\'L\') AND (jawaban_b>5)', '(jawaban_d>10)', 'Plegmatis'),
(8, '(jawaban_b<=10) AND (jawaban_a>10) AND (jawaban_a<=15) AND (jawaban_c<=10)', '(jenis_kelamin=\'P\')', 'Sanguin'),
(9, '(jawaban_b<=10) AND (jawaban_a>10) AND (jawaban_a<=15) AND (jawaban_c>10)', '(usia=\'15\')', 'Melankolis');

-- --------------------------------------------------------

--
-- Struktur dari tabel `users`
--

CREATE TABLE `users` (
  `id_user` int(11) NOT NULL,
  `nama` varchar(100) DEFAULT NULL,
  `username` varchar(50) DEFAULT NULL,
  `password` text DEFAULT NULL,
  `level` char(1) DEFAULT NULL
) ENGINE=MyISAM DEFAULT CHARSET=latin1;

--
-- Dumping data untuk tabel `users`
--

INSERT INTO `users` (`id_user`, `nama`, `username`, `password`, `level`) VALUES
(1, 'Admin', 'admin', '21232f297a57a5a743894a0e4a801fc3', '1'),
(71, 'Akira Yanuar', 'akira', '96eea1fa04bd82b22db09e12a7bd85ee', '2'),
(72, 'Yedi Utomo', 'yedi', '0c530bb3673e029e030bc454d5df0b16', '2'),
(70, 'Amanda Dila', 'amanda', '6209804952225ab3d14348307b5a4a27', '2');

--
-- Indexes for dumped tables
--

--
-- Indeks untuk tabel `data_hasil_klasifikasi`
--
ALTER TABLE `data_hasil_klasifikasi`
  ADD PRIMARY KEY (`id`);

--
-- Indeks untuk tabel `data_hasil_klasifikasi_c45`
--
ALTER TABLE `data_hasil_klasifikasi_c45`
  ADD PRIMARY KEY (`id`);

--
-- Indeks untuk tabel `data_latih`
--
ALTER TABLE `data_latih`
  ADD PRIMARY KEY (`id`);

--
-- Indeks untuk tabel `data_siswa`
--
ALTER TABLE `data_siswa`
  ADD PRIMARY KEY (`id`);

--
-- Indeks untuk tabel `data_soal`
--
ALTER TABLE `data_soal`
  ADD PRIMARY KEY (`id`);

--
-- Indeks untuk tabel `data_uji`
--
ALTER TABLE `data_uji`
  ADD PRIMARY KEY (`id`);

--
-- Indeks untuk tabel `gain`
--
ALTER TABLE `gain`
  ADD PRIMARY KEY (`id`);

--
-- Indeks untuk tabel `jawaban_kuisioner`
--
ALTER TABLE `jawaban_kuisioner`
  ADD PRIMARY KEY (`id`);

--
-- Indeks untuk tabel `jawaban_kuisioner_c45`
--
ALTER TABLE `jawaban_kuisioner_c45`
  ADD PRIMARY KEY (`id`);

--
-- Indeks untuk tabel `rasio_gain`
--
ALTER TABLE `rasio_gain`
  ADD PRIMARY KEY (`id`);

--
-- Indeks untuk tabel `t_keputusan`
--
ALTER TABLE `t_keputusan`
  ADD PRIMARY KEY (`id`);

--
-- Indeks untuk tabel `users`
--
ALTER TABLE `users`
  ADD PRIMARY KEY (`id_user`);

--
-- AUTO_INCREMENT untuk tabel yang dibuang
--

--
-- AUTO_INCREMENT untuk tabel `data_hasil_klasifikasi`
--
ALTER TABLE `data_hasil_klasifikasi`
  MODIFY `id` int(11) NOT NULL AUTO_INCREMENT, AUTO_INCREMENT=36;

--
-- AUTO_INCREMENT untuk tabel `data_hasil_klasifikasi_c45`
--
ALTER TABLE `data_hasil_klasifikasi_c45`
  MODIFY `id` int(11) NOT NULL AUTO_INCREMENT, AUTO_INCREMENT=7;

--
-- AUTO_INCREMENT untuk tabel `data_latih`
--
ALTER TABLE `data_latih`
  MODIFY `id` int(11) NOT NULL AUTO_INCREMENT, AUTO_INCREMENT=158;

--
-- AUTO_INCREMENT untuk tabel `data_siswa`
--
ALTER TABLE `data_siswa`
  MODIFY `id` int(11) NOT NULL AUTO_INCREMENT, AUTO_INCREMENT=46;

--
-- AUTO_INCREMENT untuk tabel `data_soal`
--
ALTER TABLE `data_soal`
  MODIFY `id` int(11) NOT NULL AUTO_INCREMENT, AUTO_INCREMENT=41;

--
-- AUTO_INCREMENT untuk tabel `data_uji`
--
ALTER TABLE `data_uji`
  MODIFY `id` int(11) NOT NULL AUTO_INCREMENT, AUTO_INCREMENT=68;

--
-- AUTO_INCREMENT untuk tabel `gain`
--
ALTER TABLE `gain`
  MODIFY `id` int(11) NOT NULL AUTO_INCREMENT;

--
-- AUTO_INCREMENT untuk tabel `jawaban_kuisioner`
--
ALTER TABLE `jawaban_kuisioner`
  MODIFY `id` int(11) NOT NULL AUTO_INCREMENT, AUTO_INCREMENT=1401;

--
-- AUTO_INCREMENT untuk tabel `jawaban_kuisioner_c45`
--
ALTER TABLE `jawaban_kuisioner_c45`
  MODIFY `id` int(11) NOT NULL AUTO_INCREMENT, AUTO_INCREMENT=241;

--
-- AUTO_INCREMENT untuk tabel `rasio_gain`
--
ALTER TABLE `rasio_gain`
  MODIFY `id` int(11) NOT NULL AUTO_INCREMENT, AUTO_INCREMENT=4;

--
-- AUTO_INCREMENT untuk tabel `t_keputusan`
--
ALTER TABLE `t_keputusan`
  MODIFY `id` int(11) NOT NULL AUTO_INCREMENT, AUTO_INCREMENT=10;

--
-- AUTO_INCREMENT untuk tabel `users`
--
ALTER TABLE `users`
  MODIFY `id_user` int(11) NOT NULL AUTO_INCREMENT, AUTO_INCREMENT=73;
COMMIT;

/*!40101 SET CHARACTER_SET_CLIENT=@OLD_CHARACTER_SET_CLIENT */;
/*!40101 SET CHARACTER_SET_RESULTS=@OLD_CHARACTER_SET_RESULTS */;
/*!40101 SET COLLATION_CONNECTION=@OLD_COLLATION_CONNECTION */;
